observation_date,IHLIDXUS
2020-02-01,100.00
2020-02-02,100.03
2020-02-03,100.05
2020-02-04,100.09
2020-02-05,100.16
2020-02-06,100.30
2020-02-07,100.19
2020-02-08,100.23
2020-02-09,100.21
2020-02-10,100.28
2020-02-11,100.33
2020-02-12,100.38
2020-02-13,100.40
2020-02-14,100.55
2020-02-15,100.38
2020-02-16,100.33
2020-02-17,100.21
2020-02-18,100.05
2020-02-19,99.90
2020-02-20,99.77
2020-02-21,99.67
2020-02-22,99.64
2020-02-23,99.62
2020-02-24,99.62
2020-02-25,99.71
2020-02-26,99.76
2020-02-27,99.79
2020-02-28,99.83
2020-02-29,99.93
2020-03-01,99.95
2020-03-02,100.00
2020-03-03,99.98
2020-03-04,99.93
2020-03-05,99.89
2020-03-06,99.86
2020-03-07,99.65
2020-03-08,99.56
2020-03-09,99.35
2020-03-10,99.25
2020-03-11,99.16
2020-03-12,99.03
2020-03-13,98.80
2020-03-14,98.69
2020-03-15,98.39
2020-03-16,98.26
2020-03-17,97.74
2020-03-18,97.02
2020-03-19,96.14
2020-03-20,95.08
2020-03-21,93.64
2020-03-22,92.37
2020-03-23,90.86
2020-03-24,89.54
2020-03-25,88.15
2020-03-26,86.73
2020-03-27,85.18
2020-03-28,83.95
2020-03-29,82.54
2020-03-30,81.33
2020-03-31,80.07
2020-04-01,78.86
2020-04-02,77.67
2020-04-03,76.74
2020-04-04,75.58
2020-04-05,74.45
2020-04-06,73.39
2020-04-07,72.20
2020-04-08,71.36
2020-04-09,70.51
2020-04-10,69.69
2020-04-11,69.15
2020-04-12,68.65
2020-04-13,68.09
2020-04-14,67.73
2020-04-15,67.18
2020-04-16,66.76
2020-04-17,66.32
2020-04-18,65.93
2020-04-19,65.52
2020-04-20,65.17
2020-04-21,64.84
2020-04-22,64.50
2020-04-23,64.14
2020-04-24,63.84
2020-04-25,63.59
2020-04-26,63.33
2020-04-27,63.05
2020-04-28,62.75
2020-04-29,62.54
2020-04-30,62.40
2020-05-01,62.32
2020-05-02,62.21
2020-05-03,62.11
2020-05-04,61.99
2020-05-05,61.92
2020-05-06,61.92
2020-05-07,61.83
2020-05-08,61.82
2020-05-09,61.88
2020-05-10,62.01
2020-05-11,62.07
2020-05-12,62.15
2020-05-13,61.85
2020-05-14,61.88
2020-05-15,62.11
2020-05-16,62.18
2020-05-17,62.31
2020-05-18,62.51
2020-05-19,62.67
2020-05-20,63.18
2020-05-21,63.55
2020-05-22,63.72
2020-05-23,64.00
2020-05-24,64.14
2020-05-25,64.22
2020-05-26,64.30
2020-05-27,64.36
2020-05-28,64.34
2020-05-29,64.48
2020-05-30,64.79
2020-05-31,65.04
2020-06-01,65.36
2020-06-02,65.78
2020-06-03,66.25
2020-06-04,66.74
2020-06-05,67.08
2020-06-06,67.30
2020-06-07,67.49
2020-06-08,67.73
2020-06-09,67.94
2020-06-10,68.14
2020-06-11,68.36
2020-06-12,68.58
2020-06-13,68.78
2020-06-14,69.22
2020-06-15,69.67
2020-06-16,70.06
2020-06-17,70.46
2020-06-18,70.88
2020-06-19,71.29
2020-06-20,71.81
2020-06-21,72.33
2020-06-22,72.75
2020-06-23,72.95
2020-06-24,73.17
2020-06-25,73.36
2020-06-26,73.52
2020-06-27,73.54
2020-06-28,73.42
2020-06-29,73.58
2020-06-30,74.01
2020-07-01,74.41
2020-07-02,74.69
2020-07-03,75.03
2020-07-04,75.33
2020-07-05,75.74
2020-07-06,75.86
2020-07-07,75.84
2020-07-08,76.04
2020-07-09,76.37
2020-07-10,76.69
2020-07-11,77.04
2020-07-12,77.37
2020-07-13,77.67
2020-07-14,78.12
2020-07-15,78.28
2020-07-16,78.43
2020-07-17,78.56
2020-07-18,78.55
2020-07-19,78.67
2020-07-20,78.88
2020-07-21,79.07
2020-07-22,79.37
2020-07-23,79.71
2020-07-24,80.05
2020-07-25,80.58
2020-07-26,80.96
2020-07-27,81.24
2020-07-28,81.54
2020-07-29,81.79
2020-07-30,81.98
2020-07-31,82.15
2020-08-01,82.30
2020-08-02,82.45
2020-08-03,82.62
2020-08-04,82.70
2020-08-05,82.75
2020-08-06,82.75
2020-08-07,82.67
2020-08-08,82.67
2020-08-09,82.63
2020-08-10,82.60
2020-08-11,82.64
2020-08-12,82.60
2020-08-13,82.61
2020-08-14,82.69
2020-08-15,82.49
2020-08-16,82.53
2020-08-17,82.57
2020-08-18,82.57
2020-08-19,82.70
2020-08-20,82.85
2020-08-21,82.96
2020-08-22,83.25
2020-08-23,83.33
2020-08-24,83.40
2020-08-25,83.52
2020-08-26,83.60
2020-08-27,83.63
2020-08-28,83.71
2020-08-29,83.83
2020-08-30,83.95
2020-08-31,84.06
2020-09-01,84.14
2020-09-02,84.30
2020-09-03,84.52
2020-09-04,84.71
2020-09-05,84.81
2020-09-06,84.96
2020-09-07,85.05
2020-09-08,85.14
2020-09-09,85.18
2020-09-10,85.31
2020-09-11,85.50
2020-09-12,85.68
2020-09-13,85.76
2020-09-14,85.86
2020-09-15,86.03
2020-09-16,86.25
2020-09-17,86.45
2020-09-18,86.64
2020-09-19,86.79
2020-09-20,87.04
2020-09-21,87.29
2020-09-22,87.51
2020-09-23,87.71
2020-09-24,87.78
2020-09-25,87.85
2020-09-26,87.93
2020-09-27,88.00
2020-09-28,88.14
2020-09-29,88.33
2020-09-30,88.55
2020-10-01,88.65
2020-10-02,88.81
2020-10-03,89.05
2020-10-04,89.23
2020-10-05,89.38
2020-10-06,89.43
2020-10-07,89.37
2020-10-08,89.59
2020-10-09,89.70
2020-10-10,89.84
2020-10-11,90.01
2020-10-12,90.22
2020-10-13,90.38
2020-10-14,90.57
2020-10-15,90.68
2020-10-16,90.74
2020-10-17,90.63
2020-10-18,90.58
2020-10-19,90.60
2020-10-20,90.71
2020-10-21,90.87
2020-10-22,91.04
2020-10-23,91.15
2020-10-24,91.39
2020-10-25,91.52
2020-10-26,91.58
2020-10-27,91.67
2020-10-28,91.71
2020-10-29,91.67
2020-10-30,91.75
2020-10-31,91.81
2020-11-01,91.94
2020-11-02,92.16
2020-11-03,92.28
2020-11-04,92.43
2020-11-05,92.59
2020-11-06,92.75
2020-11-07,92.89
2020-11-08,93.09
2020-11-09,93.17
2020-11-10,93.34
2020-11-11,93.49
2020-11-12,93.61
2020-11-13,93.71
2020-11-14,93.61
2020-11-15,93.62
2020-11-16,93.65
2020-11-17,93.64
2020-11-18,93.65
2020-11-19,93.65
2020-11-20,93.66
2020-11-21,93.91
2020-11-22,94.04
2020-11-23,94.18
2020-11-24,94.29
2020-11-25,94.35
2020-11-26,94.48
2020-11-27,94.57
2020-11-28,94.58
2020-11-29,94.45
2020-11-30,94.37
2020-12-01,94.21
2020-12-02,94.17
2020-12-03,94.13
2020-12-04,94.10
2020-12-05,94.19
2020-12-06,94.27
2020-12-07,94.25
2020-12-08,94.40
2020-12-09,94.44
2020-12-10,94.45
2020-12-11,94.56
2020-12-12,94.54
2020-12-13,94.73
2020-12-14,95.01
2020-12-15,95.17
2020-12-16,95.33
2020-12-17,95.36
2020-12-18,95.33
2020-12-19,95.37
2020-12-20,95.29
2020-12-21,95.16
2020-12-22,95.12
2020-12-23,95.06
2020-12-24,95.09
2020-12-25,95.07
2020-12-26,95.10
2020-12-27,95.11
2020-12-28,95.16
2020-12-29,95.20
2020-12-30,95.31
2020-12-31,95.32
2021-01-01,95.30
2021-01-02,95.31
2021-01-03,95.27
2021-01-04,95.24
2021-01-05,95.19
2021-01-06,95.23
2021-01-07,95.36
2021-01-08,95.79
2021-01-09,96.13
2021-01-10,96.60
2021-01-11,97.01
2021-01-12,97.35
2021-01-13,97.60
2021-01-14,97.96
2021-01-15,98.07
2021-01-16,98.26
2021-01-17,98.32
2021-01-18,98.39
2021-01-19,98.60
2021-01-20,98.79
2021-01-21,98.89
2021-01-22,98.99
2021-01-23,98.90
2021-01-24,99.03
2021-01-25,99.17
2021-01-26,99.21
2021-01-27,99.25
2021-01-28,99.43
2021-01-29,99.56
2021-01-30,99.88
2021-01-31,100.07
2021-02-01,100.27
2021-02-02,100.60
2021-02-03,100.82
2021-02-04,100.81
2021-02-05,101.07
2021-02-06,101.25
2021-02-07,101.39
2021-02-08,101.57
2021-02-09,101.70
2021-02-10,101.99
2021-02-11,102.45
2021-02-12,102.74
2021-02-13,103.07
2021-02-14,103.41
2021-02-15,103.75
2021-02-16,104.05
2021-02-17,104.25
2021-02-18,104.38
2021-02-19,104.51
2021-02-20,104.51
2021-02-21,104.65
2021-02-22,104.74
2021-02-23,104.82
2021-02-24,105.00
2021-02-25,105.24
2021-02-26,105.43
2021-02-27,105.73
2021-02-28,105.90
2021-03-01,105.94
2021-03-02,106.10
2021-03-03,106.26
2021-03-04,106.53
2021-03-05,106.81
2021-03-06,107.07
2021-03-07,107.26
2021-03-08,107.65
2021-03-09,108.02
2021-03-10,108.31
2021-03-11,108.58
2021-03-12,108.86
2021-03-13,109.33
2021-03-14,109.75
2021-03-15,110.06
2021-03-16,110.39
2021-03-17,110.68
2021-03-18,111.01
2021-03-19,111.31
2021-03-20,111.58
2021-03-21,111.98
2021-03-22,112.37
2021-03-23,112.82
2021-03-24,113.35
2021-03-25,113.74
2021-03-26,114.18
2021-03-27,114.71
2021-03-28,115.16
2021-03-29,115.61
2021-03-30,116.10
2021-03-31,116.66
2021-04-01,117.13
2021-04-02,117.52
2021-04-03,117.81
2021-04-04,118.26
2021-04-05,118.80
2021-04-06,119.19
2021-04-07,119.31
2021-04-08,119.63
2021-04-09,120.04
2021-04-10,120.30
2021-04-11,120.41
2021-04-12,120.57
2021-04-13,120.74
2021-04-14,121.15
2021-04-15,121.48
2021-04-16,121.78
2021-04-17,122.27
2021-04-18,122.80
2021-04-19,123.21
2021-04-20,123.62
2021-04-21,124.02
2021-04-22,124.38
2021-04-23,124.75
2021-04-24,125.05
2021-04-25,125.29
2021-04-26,125.50
2021-04-27,125.71
2021-04-28,125.88
2021-04-29,126.08
2021-04-30,126.23
2021-05-01,126.34
2021-05-02,126.41
2021-05-03,126.54
2021-05-04,126.65
2021-05-05,126.78
2021-05-06,126.94
2021-05-07,126.89
2021-05-08,127.10
2021-05-09,127.41
2021-05-10,127.66
2021-05-11,127.92
2021-05-12,128.26
2021-05-13,128.54
2021-05-14,129.00
2021-05-15,129.15
2021-05-16,129.28
2021-05-17,129.43
2021-05-18,129.56
2021-05-19,129.53
2021-05-20,129.55
2021-05-21,129.53
2021-05-22,129.41
2021-05-23,129.52
2021-05-24,129.55
2021-05-25,129.63
2021-05-26,129.81
2021-05-27,129.98
2021-05-28,130.22
2021-05-29,130.67
2021-05-30,130.93
2021-05-31,131.26
2021-06-01,131.38
2021-06-02,131.48
2021-06-03,131.59
2021-06-04,131.74
2021-06-05,131.80
2021-06-06,131.86
2021-06-07,131.74
2021-06-08,131.90
2021-06-09,132.09
2021-06-10,132.26
2021-06-11,132.39
2021-06-12,132.55
2021-06-13,132.67
2021-06-14,133.00
2021-06-15,133.32
2021-06-16,133.50
2021-06-17,133.60
2021-06-18,133.68
2021-06-19,133.85
2021-06-20,134.00
2021-06-21,134.20
2021-06-22,134.20
2021-06-23,134.38
2021-06-24,134.64
2021-06-25,134.93
2021-06-26,135.16
2021-06-27,135.43
2021-06-28,135.65
2021-06-29,135.99
2021-06-30,136.27
2021-07-01,136.56
2021-07-02,136.66
2021-07-03,136.85
2021-07-04,137.01
2021-07-05,137.16
2021-07-06,137.23
2021-07-07,137.14
2021-07-08,137.17
2021-07-09,137.36
2021-07-10,137.31
2021-07-11,137.28
2021-07-12,137.22
2021-07-13,137.26
2021-07-14,137.35
2021-07-15,137.40
2021-07-16,137.41
2021-07-17,137.58
2021-07-18,137.86
2021-07-19,138.21
2021-07-20,138.54
2021-07-21,138.60
2021-07-22,138.44
2021-07-23,138.30
2021-07-24,138.08
2021-07-25,137.71
2021-07-26,137.23
2021-07-27,136.82
2021-07-28,136.69
2021-07-29,136.65
2021-07-30,136.46
2021-07-31,136.57
2021-08-01,136.66
2021-08-02,136.80
2021-08-03,136.85
2021-08-04,136.97
2021-08-05,137.13
2021-08-06,137.53
2021-08-07,137.54
2021-08-08,137.69
2021-08-09,137.82
2021-08-10,138.00
2021-08-11,138.10
2021-08-12,138.29
2021-08-13,138.45
2021-08-14,138.70
2021-08-15,138.87
2021-08-16,139.02
2021-08-17,139.20
2021-08-18,139.39
2021-08-19,139.57
2021-08-20,139.73
2021-08-21,139.97
2021-08-22,140.27
2021-08-23,140.55
2021-08-24,140.72
2021-08-25,140.99
2021-08-26,141.14
2021-08-27,141.24
2021-08-28,141.30
2021-08-29,141.39
2021-08-30,141.50
2021-08-31,141.63
2021-09-01,141.62
2021-09-02,141.70
2021-09-03,141.84
2021-09-04,141.89
2021-09-05,142.03
2021-09-06,142.24
2021-09-07,142.30
2021-09-08,142.51
2021-09-09,142.62
2021-09-10,142.55
2021-09-11,142.57
2021-09-12,142.48
2021-09-13,142.33
2021-09-14,142.52
2021-09-15,142.65
2021-09-16,142.75
2021-09-17,143.03
2021-09-18,143.33
2021-09-19,143.63
2021-09-20,143.91
2021-09-21,144.00
2021-09-22,144.11
2021-09-23,144.25
2021-09-24,144.31
2021-09-25,144.32
2021-09-26,144.30
2021-09-27,144.32
2021-09-28,144.44
2021-09-29,144.50
2021-09-30,144.65
2021-10-01,144.84
2021-10-02,145.13
2021-10-03,145.36
2021-10-04,145.58
2021-10-05,145.70
2021-10-06,145.84
2021-10-07,145.94
2021-10-08,146.04
2021-10-09,146.20
2021-10-10,146.29
2021-10-11,146.42
2021-10-12,146.48
2021-10-13,146.47
2021-10-14,146.55
2021-10-15,146.71
2021-10-16,146.57
2021-10-17,146.69
2021-10-18,146.70
2021-10-19,146.96
2021-10-20,147.20
2021-10-21,147.45
2021-10-22,147.67
2021-10-23,148.06
2021-10-24,148.21
2021-10-25,148.45
2021-10-26,148.54
2021-10-27,148.71
2021-10-28,148.80
2021-10-29,148.81
2021-10-30,148.98
2021-10-31,149.12
2021-11-01,149.38
2021-11-02,149.77
2021-11-03,150.06
2021-11-04,150.32
2021-11-05,150.66
2021-11-06,150.73
2021-11-07,151.04
2021-11-08,151.28
2021-11-09,151.35
2021-11-10,151.56
2021-11-11,151.97
2021-11-12,152.22
2021-11-13,152.55
2021-11-14,152.78
2021-11-15,153.04
2021-11-16,153.37
2021-11-17,153.67
2021-11-18,153.77
2021-11-19,154.05
2021-11-20,154.12
2021-11-21,154.47
2021-11-22,154.79
2021-11-23,154.94
2021-11-24,155.05
2021-11-25,155.12
2021-11-26,155.10
2021-11-27,155.32
2021-11-28,155.16
2021-11-29,154.93
2021-11-30,154.88
2021-12-01,154.78
2021-12-02,154.90
2021-12-03,154.98
2021-12-04,155.29
2021-12-05,155.67
2021-12-06,156.14
2021-12-07,156.36
2021-12-08,156.78
2021-12-09,157.02
2021-12-10,157.36
2021-12-11,157.26
2021-12-12,157.41
2021-12-13,157.54
2021-12-14,157.91
2021-12-15,158.02
2021-12-16,158.05
2021-12-17,158.21
2021-12-18,158.48
2021-12-19,158.54
2021-12-20,158.57
2021-12-21,158.33
2021-12-22,158.09
2021-12-23,157.95
2021-12-24,157.66
2021-12-25,157.45
2021-12-26,157.21
2021-12-27,157.08
2021-12-28,157.21
2021-12-29,157.34
2021-12-30,157.39
2021-12-31,157.36
2022-01-01,157.27
2022-01-02,157.10
2022-01-03,156.80
2022-01-04,156.57
2022-01-05,156.41
2022-01-06,156.33
2022-01-07,156.23
2022-01-08,156.13
2022-01-09,156.27
2022-01-10,156.43
2022-01-11,156.40
2022-01-12,156.41
2022-01-13,156.42
2022-01-14,156.13
2022-01-15,156.28
2022-01-16,156.18
2022-01-17,156.10
2022-01-18,156.10
2022-01-19,156.14
2022-01-20,156.12
2022-01-21,156.49
2022-01-22,156.36
2022-01-23,156.38
2022-01-24,156.41
2022-01-25,156.49
2022-01-26,156.52
2022-01-27,156.61
2022-01-28,156.74
2022-01-29,157.00
2022-01-30,157.24
2022-01-31,157.39
2022-02-01,157.52
2022-02-02,157.72
2022-02-03,157.92
2022-02-04,158.09
2022-02-05,158.23
2022-02-06,158.31
2022-02-07,158.34
2022-02-08,158.42
2022-02-09,158.54
2022-02-10,158.70
2022-02-11,158.85
2022-02-12,159.04
2022-02-13,159.16
2022-02-14,159.31
2022-02-15,159.46
2022-02-16,159.59
2022-02-17,159.64
2022-02-18,159.70
2022-02-19,159.60
2022-02-20,159.76
2022-02-21,160.00
2022-02-22,159.99
2022-02-23,159.97
2022-02-24,160.09
2022-02-25,160.18
2022-02-26,160.47
2022-02-27,160.46
2022-02-28,160.40
2022-03-01,160.40
2022-03-02,160.40
2022-03-03,160.33
2022-03-04,160.32
2022-03-05,160.17
2022-03-06,160.20
2022-03-07,160.06
2022-03-08,160.15
2022-03-09,160.24
2022-03-10,160.25
2022-03-11,160.26
2022-03-12,160.36
2022-03-13,160.36
2022-03-14,160.49
2022-03-15,160.44
2022-03-16,160.46
2022-03-17,160.55
2022-03-18,160.49
2022-03-19,160.37
2022-03-20,160.28
2022-03-21,160.20
2022-03-22,160.26
2022-03-23,160.07
2022-03-24,160.07
2022-03-25,160.19
2022-03-26,160.32
2022-03-27,160.51
2022-03-28,160.65
2022-03-29,160.66
2022-03-30,161.00
2022-03-31,161.15
2022-04-01,161.11
2022-04-02,161.06
2022-04-03,160.89
2022-04-04,160.82
2022-04-05,160.81
2022-04-06,160.62
2022-04-07,160.29
2022-04-08,160.22
2022-04-09,159.88
2022-04-10,159.45
2022-04-11,159.01
2022-04-12,158.63
2022-04-13,158.29
2022-04-14,158.15
2022-04-15,157.96
2022-04-16,158.15
2022-04-17,158.49
2022-04-18,158.82
2022-04-19,159.17
2022-04-20,159.46
2022-04-21,159.76
2022-04-22,160.19
2022-04-23,160.55
2022-04-24,160.61
2022-04-25,160.71
2022-04-26,160.77
2022-04-27,160.40
2022-04-28,160.32
2022-04-29,160.09
2022-04-30,159.81
2022-05-01,160.26
2022-05-02,160.24
2022-05-03,160.18
2022-05-04,160.61
2022-05-05,160.56
2022-05-06,160.57
2022-05-07,160.43
2022-05-08,159.98
2022-05-09,160.01
2022-05-10,160.06
2022-05-11,159.99
2022-05-12,160.07
2022-05-13,160.01
2022-05-14,160.17
2022-05-15,160.25
2022-05-16,160.32
2022-05-17,160.34
2022-05-18,160.57
2022-05-19,160.64
2022-05-20,160.80
2022-05-21,160.68
2022-05-22,160.78
2022-05-23,160.82
2022-05-24,160.90
2022-05-25,160.79
2022-05-26,160.62
2022-05-27,160.53
2022-05-28,160.66
2022-05-29,160.50
2022-05-30,160.42
2022-05-31,160.20
2022-06-01,160.06
2022-06-02,160.04
2022-06-03,159.90
2022-06-04,159.80
2022-06-05,159.63
2022-06-06,159.42
2022-06-07,159.35
2022-06-08,159.25
2022-06-09,159.08
2022-06-10,158.94
2022-06-11,158.78
2022-06-12,158.68
2022-06-13,158.60
2022-06-14,158.57
2022-06-15,158.51
2022-06-16,158.44
2022-06-17,158.41
2022-06-18,158.38
2022-06-19,158.41
2022-06-20,158.41
2022-06-21,158.32
2022-06-22,158.26
2022-06-23,158.28
2022-06-24,158.18
2022-06-25,157.89
2022-06-26,157.67
2022-06-27,157.40
2022-06-28,157.16
2022-06-29,157.22
2022-06-30,157.23
2022-07-01,157.26
2022-07-02,157.46
2022-07-03,157.51
2022-07-04,157.50
2022-07-05,157.56
2022-07-06,157.19
2022-07-07,156.76
2022-07-08,156.54
2022-07-09,156.22
2022-07-10,156.03
2022-07-11,155.96
2022-07-12,155.79
2022-07-13,155.71
2022-07-14,155.68
2022-07-15,155.52
2022-07-16,155.44
2022-07-17,155.30
2022-07-18,155.07
2022-07-19,154.97
2022-07-20,154.88
2022-07-21,154.75
2022-07-22,154.75
2022-07-23,154.62
2022-07-24,154.61
2022-07-25,154.66
2022-07-26,154.63
2022-07-27,154.63
2022-07-28,154.71
2022-07-29,154.61
2022-07-30,154.73
2022-07-31,154.68
2022-08-01,154.67
2022-08-02,154.63
2022-08-03,154.64
2022-08-04,154.61
2022-08-05,154.68
2022-08-06,154.71
2022-08-07,154.72
2022-08-08,154.68
2022-08-09,154.61
2022-08-10,154.45
2022-08-11,154.32
2022-08-12,154.16
2022-08-13,153.88
2022-08-14,153.68
2022-08-15,153.53
2022-08-16,153.37
2022-08-17,153.24
2022-08-18,153.07
2022-08-19,152.90
2022-08-20,152.84
2022-08-21,152.70
2022-08-22,152.56
2022-08-23,152.43
2022-08-24,152.37
2022-08-25,152.35
2022-08-26,152.31
2022-08-27,152.33
2022-08-28,152.24
2022-08-29,152.12
2022-08-30,152.07
2022-08-31,152.01
2022-09-01,151.97
2022-09-02,151.86
2022-09-03,151.80
2022-09-04,151.84
2022-09-05,151.85
2022-09-06,151.75
2022-09-07,151.48
2022-09-08,151.32
2022-09-09,151.21
2022-09-10,151.11
2022-09-11,150.90
2022-09-12,150.79
2022-09-13,150.78
2022-09-14,150.78
2022-09-15,150.68
2022-09-16,150.61
2022-09-17,150.48
2022-09-18,150.43
2022-09-19,150.26
2022-09-20,150.01
2022-09-21,149.89
2022-09-22,149.72
2022-09-23,149.63
2022-09-24,149.56
2022-09-25,149.50
2022-09-26,149.49
2022-09-27,149.59
2022-09-28,149.60
2022-09-29,149.57
2022-09-30,149.43
2022-10-01,149.36
2022-10-02,149.31
2022-10-03,149.29
2022-10-04,149.14
2022-10-05,149.10
2022-10-06,149.09
2022-10-07,148.93
2022-10-08,148.90
2022-10-09,148.75
2022-10-10,148.66
2022-10-11,148.66
2022-10-12,148.59
2022-10-13,148.63
2022-10-14,148.78
2022-10-15,148.71
2022-10-16,148.78
2022-10-17,148.73
2022-10-18,148.69
2022-10-19,148.64
2022-10-20,148.53
2022-10-21,148.47
2022-10-22,148.20
2022-10-23,148.04
2022-10-24,147.94
2022-10-25,147.83
2022-10-26,147.74
2022-10-27,147.69
2022-10-28,147.58
2022-10-29,147.74
2022-10-30,147.75
2022-10-31,147.74
2022-11-01,147.73
2022-11-02,147.77
2022-11-03,147.75
2022-11-04,147.83
2022-11-05,147.87
2022-11-06,147.88
2022-11-07,147.81
2022-11-08,147.95
2022-11-09,148.04
2022-11-10,148.14
2022-11-11,148.12
2022-11-12,148.15
2022-11-13,148.16
2022-11-14,148.25
2022-11-15,148.19
2022-11-16,148.16
2022-11-17,148.11
2022-11-18,148.05
2022-11-19,147.88
2022-11-20,147.80
2022-11-21,147.73
2022-11-22,147.67
2022-11-23,147.55
2022-11-24,147.40
2022-11-25,147.29
2022-11-26,147.24
2022-11-27,147.12
2022-11-28,146.98
2022-11-29,146.78
2022-11-30,146.65
2022-12-01,146.47
2022-12-02,146.23
2022-12-03,146.05
2022-12-04,145.81
2022-12-05,145.67
2022-12-06,145.48
2022-12-07,145.05
2022-12-08,144.79
2022-12-09,144.73
2022-12-10,144.52
2022-12-11,144.42
2022-12-12,144.27
2022-12-13,144.21
2022-12-14,144.46
2022-12-15,144.57
2022-12-16,144.50
2022-12-17,144.54
2022-12-18,144.50
2022-12-19,144.45
2022-12-20,144.35
2022-12-21,144.19
2022-12-22,144.05
2022-12-23,143.84
2022-12-24,143.69
2022-12-25,143.54
2022-12-26,143.43
2022-12-27,143.34
2022-12-28,143.15
2022-12-29,143.01
2022-12-30,142.95
2022-12-31,142.78
2023-01-01,142.57
2023-01-02,142.36
2023-01-03,142.12
2023-01-04,141.77
2023-01-05,141.44
2023-01-06,141.20
2023-01-07,140.92
2023-01-08,140.88
2023-01-09,140.74
2023-01-10,140.67
2023-01-11,140.76
2023-01-12,140.81
2023-01-13,140.84
2023-01-14,140.86
2023-01-15,140.71
2023-01-16,140.65
2023-01-17,140.53
2023-01-18,140.39
2023-01-19,140.31
2023-01-20,140.19
2023-01-21,140.13
2023-01-22,140.10
2023-01-23,140.02
2023-01-24,139.95
2023-01-25,139.89
2023-01-26,139.78
2023-01-27,139.68
2023-01-28,139.65
2023-01-29,139.50
2023-01-30,139.37
2023-01-31,139.26
2023-02-01,139.15
2023-02-02,138.97
2023-02-03,138.82
2023-02-04,138.70
2023-02-05,138.58
2023-02-06,138.43
2023-02-07,138.14
2023-02-08,137.72
2023-02-09,137.55
2023-02-10,137.24
2023-02-11,136.89
2023-02-12,136.54
2023-02-13,136.27
2023-02-14,136.10
2023-02-15,136.18
2023-02-16,136.01
2023-02-17,135.95
2023-02-18,135.44
2023-02-19,135.32
2023-02-20,135.27
2023-02-21,135.22
2023-02-22,135.08
2023-02-23,135.12
2023-02-24,135.00
2023-02-25,135.28
2023-02-26,135.23
2023-02-27,135.05
2023-02-28,134.81
2023-03-01,134.21
2023-03-02,133.92
2023-03-03,133.74
2023-03-04,133.59
2023-03-05,133.52
2023-03-06,133.45
2023-03-07,133.19
2023-03-08,133.18
2023-03-09,132.91
2023-03-10,133.38
2023-03-11,133.94
2023-03-12,134.33
2023-03-13,134.67
2023-03-14,135.22
2023-03-15,135.94
2023-03-16,136.55
2023-03-17,136.48
2023-03-18,136.34
2023-03-19,136.18
2023-03-20,136.14
2023-03-21,136.13
2023-03-22,136.03
2023-03-23,135.83
2023-03-24,135.76
2023-03-25,135.62
2023-03-26,135.62
2023-03-27,135.56
2023-03-28,135.54
2023-03-29,135.45
2023-03-30,135.57
2023-03-31,135.53
2023-04-01,135.55
2023-04-02,135.55
2023-04-03,135.43
2023-04-04,135.46
2023-04-05,135.57
2023-04-06,135.60
2023-04-07,135.60
2023-04-08,135.72
2023-04-09,135.82
2023-04-10,136.07
2023-04-11,136.21
2023-04-12,136.33
2023-04-13,136.40
2023-04-14,136.45
2023-04-15,136.21
2023-04-16,136.23
2023-04-17,136.20
2023-04-18,136.17
2023-04-19,135.99
2023-04-20,135.93
2023-04-21,135.99
2023-04-22,136.28
2023-04-23,136.24
2023-04-24,136.22
2023-04-25,136.18
2023-04-26,136.30
2023-04-27,136.32
2023-04-28,136.32
2023-04-29,136.24
2023-04-30,136.17
2023-05-01,136.15
2023-05-02,136.13
2023-05-03,135.97
2023-05-04,135.66
2023-05-05,135.57
2023-05-06,135.51
2023-05-07,135.39
2023-05-08,135.27
2023-05-09,135.09
2023-05-10,135.05
2023-05-11,135.09
2023-05-12,134.40
2023-05-13,134.20
2023-05-14,134.13
2023-05-15,133.99
2023-05-16,133.76
2023-05-17,133.70
2023-05-18,133.69
2023-05-19,134.19
2023-05-20,134.24
2023-05-21,134.33
2023-05-22,134.45
2023-05-23,134.58
2023-05-24,134.59
2023-05-25,134.58
2023-05-26,134.54
2023-05-27,134.49
2023-05-28,134.35
2023-05-29,134.21
2023-05-30,134.13
2023-05-31,133.92
2023-06-01,133.70
2023-06-02,133.56
2023-06-03,133.37
2023-06-04,133.16
2023-06-05,132.97
2023-06-06,132.80
2023-06-07,132.58
2023-06-08,132.49
2023-06-09,132.32
2023-06-10,132.14
2023-06-11,132.03
2023-06-12,131.88
2023-06-13,131.78
2023-06-14,131.88
2023-06-15,131.83
2023-06-16,131.69
2023-06-17,131.63
2023-06-18,131.60
2023-06-19,131.55
2023-06-20,131.47
2023-06-21,131.25
2023-06-22,131.17
2023-06-23,131.12
2023-06-24,131.05
2023-06-25,130.87
2023-06-26,130.71
2023-06-27,130.55
2023-06-28,130.39
2023-06-29,130.34
2023-06-30,130.29
2023-07-01,130.24
2023-07-02,130.15
2023-07-03,130.08
2023-07-04,129.95
2023-07-05,130.00
2023-07-06,129.69
2023-07-07,129.34
2023-07-08,129.26
2023-07-09,129.19
2023-07-10,129.08
2023-07-11,129.11
2023-07-12,129.05
2023-07-13,129.18
2023-07-14,129.49
2023-07-15,129.48
2023-07-16,129.55
2023-07-17,129.58
2023-07-18,129.54
2023-07-19,129.49
2023-07-20,129.41
2023-07-21,129.31
2023-07-22,129.03
2023-07-23,129.02
2023-07-24,129.03
2023-07-25,129.09
2023-07-26,129.15
2023-07-27,129.19
2023-07-28,129.19
2023-07-29,129.46
2023-07-30,129.44
2023-07-31,129.42
2023-08-01,129.41
2023-08-02,129.35
2023-08-03,129.31
2023-08-04,129.30
2023-08-05,129.27
2023-08-06,129.21
2023-08-07,129.05
2023-08-08,129.00
2023-08-09,128.98
2023-08-10,128.96
2023-08-11,128.85
2023-08-12,128.66
2023-08-13,128.60
2023-08-14,128.64
2023-08-15,128.58
2023-08-16,128.47
2023-08-17,128.37
2023-08-18,128.34
2023-08-19,128.37
2023-08-20,128.32
2023-08-21,128.34
2023-08-22,128.19
2023-08-23,128.05
2023-08-24,127.95
2023-08-25,127.86
2023-08-26,127.76
2023-08-27,127.67
2023-08-28,127.58
2023-08-29,127.65
2023-08-30,127.75
2023-08-31,127.79
2023-09-01,127.74
2023-09-02,127.84
2023-09-03,127.83
2023-09-04,127.88
2023-09-05,127.85
2023-09-06,127.81
2023-09-07,127.68
2023-09-08,127.71
2023-09-09,127.70
2023-09-10,127.80
2023-09-11,127.82
2023-09-12,127.87
2023-09-13,127.92
2023-09-14,128.00
2023-09-15,127.95
2023-09-16,127.83
2023-09-17,127.49
2023-09-18,127.10
2023-09-19,126.73
2023-09-20,126.41
2023-09-21,126.20
2023-09-22,125.94
2023-09-23,125.70
2023-09-24,125.69
2023-09-25,125.77
2023-09-26,125.83
2023-09-27,125.85
2023-09-28,125.77
2023-09-29,125.77
2023-09-30,125.68
2023-10-01,125.60
2023-10-02,125.49
2023-10-03,125.42
2023-10-04,125.39
2023-10-05,125.38
2023-10-06,125.35
2023-10-07,125.31
2023-10-08,125.30
2023-10-09,125.27
2023-10-10,125.24
2023-10-11,125.21
2023-10-12,125.17
2023-10-13,125.11
2023-10-14,125.14
2023-10-15,125.16
2023-10-16,125.15
2023-10-17,125.07
2023-10-18,124.93
2023-10-19,124.90
2023-10-20,124.84
2023-10-21,124.66
2023-10-22,124.63
2023-10-23,124.53
2023-10-24,124.48
2023-10-25,124.46
2023-10-26,124.39
2023-10-27,124.33
2023-10-28,124.43
2023-10-29,124.26
2023-10-30,124.25
2023-10-31,124.17
2023-11-01,124.35
2023-11-02,124.39
2023-11-03,124.39
2023-11-04,124.33
2023-11-05,124.34
2023-11-06,124.27
2023-11-07,124.12
2023-11-08,123.83
2023-11-09,123.71
2023-11-10,123.68
2023-11-11,123.66
2023-11-12,123.57
2023-11-13,123.51
2023-11-14,123.55
2023-11-15,123.45
2023-11-16,123.39
2023-11-17,123.28
2023-11-18,123.10
2023-11-19,123.01
2023-11-20,122.94
2023-11-21,122.89
2023-11-22,122.69
2023-11-23,122.57
2023-11-24,122.40
2023-11-25,122.31
2023-11-26,122.14
2023-11-27,121.99
2023-11-28,121.89
2023-11-29,122.00
2023-11-30,121.91
2023-12-01,121.87
2023-12-02,121.86
2023-12-03,121.91
2023-12-04,121.90
2023-12-05,121.91
2023-12-06,121.87
2023-12-07,121.77
2023-12-08,121.83
2023-12-09,121.72
2023-12-10,121.73
2023-12-11,121.81
2023-12-12,121.79
2023-12-13,121.76
2023-12-14,121.89
2023-12-15,121.80
2023-12-16,121.79
2023-12-17,121.42
2023-12-18,121.15
2023-12-19,120.95
2023-12-20,120.78
2023-12-21,120.59
2023-12-22,120.42
2023-12-23,120.28
2023-12-24,120.42
2023-12-25,120.51
2023-12-26,120.59
2023-12-27,120.65
2023-12-28,120.66
2023-12-29,120.70
2023-12-30,120.71
2023-12-31,120.56
2024-01-01,120.36
2024-01-02,120.12
2024-01-03,119.95
2024-01-04,119.90
2024-01-05,119.92
2024-01-06,119.94
2024-01-07,119.88
2024-01-08,119.91
2024-01-09,119.98
2024-01-10,119.99
2024-01-11,119.92
2024-01-12,119.79
2024-01-13,119.64
2024-01-14,119.75
2024-01-15,119.73
2024-01-16,119.59
2024-01-17,119.45
2024-01-18,119.29
2024-01-19,119.17
2024-01-20,119.14
2024-01-21,119.05
2024-01-22,118.95
2024-01-23,118.94
2024-01-24,118.85
2024-01-25,118.77
2024-01-26,118.64
2024-01-27,118.58
2024-01-28,118.49
2024-01-29,118.42
2024-01-30,118.32
2024-01-31,118.27
2024-02-01,118.16
2024-02-02,118.18
2024-02-03,118.21
2024-02-04,118.18
2024-02-05,118.12
2024-02-06,118.11
2024-02-07,118.02
2024-02-08,118.14
2024-02-09,118.19
2024-02-10,118.14
2024-02-11,118.12
2024-02-12,118.18
2024-02-13,118.21
2024-02-14,118.40
2024-02-15,118.48
2024-02-16,118.46
2024-02-17,118.21
2024-02-18,118.24
2024-02-19,118.30
2024-02-20,118.36
2024-02-21,118.36
2024-02-22,118.21
2024-02-23,118.10
2024-02-24,118.33
2024-02-25,118.29
2024-02-26,118.20
2024-02-27,118.06
2024-02-28,117.96
2024-02-29,118.05
2024-03-01,118.02
2024-03-02,117.96
2024-03-03,117.96
2024-03-04,117.98
2024-03-05,118.08
2024-03-06,118.21
2024-03-07,118.26
2024-03-08,118.40
2024-03-09,118.56
2024-03-10,118.67
2024-03-11,118.78
2024-03-12,118.82
2024-03-13,118.86
2024-03-14,118.86
2024-03-15,118.94
2024-03-16,118.89
2024-03-17,118.87
2024-03-18,118.77
2024-03-19,118.73
2024-03-20,118.69
2024-03-21,118.66
2024-03-22,118.59
2024-03-23,118.59
2024-03-24,118.57
2024-03-25,118.60
2024-03-26,118.63
2024-03-27,118.66
2024-03-28,118.68
2024-03-29,118.74
2024-03-30,118.86
2024-03-31,118.97
2024-04-01,119.02
2024-04-02,119.04
2024-04-03,119.04
2024-04-04,119.10
2024-04-05,119.17
2024-04-06,119.16
2024-04-07,119.16
2024-04-08,119.17
2024-04-09,119.22
2024-04-10,119.31
2024-04-11,119.33
2024-04-12,119.25
2024-04-13,119.14
2024-04-14,119.06
2024-04-15,119.00
2024-04-16,118.85
2024-04-17,118.68
2024-04-18,118.48
2024-04-19,118.37
2024-04-20,118.15
2024-04-21,117.98
2024-04-22,117.82
2024-04-23,117.73
2024-04-24,117.60
2024-04-25,117.54
2024-04-26,117.42
2024-04-27,117.46
2024-04-28,117.42
2024-04-29,117.41
2024-04-30,117.33
2024-05-01,117.27
2024-05-02,117.18
2024-05-03,117.16
2024-05-04,117.08
2024-05-05,117.01
2024-05-06,116.88
2024-05-07,116.88
2024-05-08,116.83
2024-05-09,116.77
2024-05-10,116.68
2024-05-11,116.62
2024-05-12,116.54
2024-05-13,116.48
2024-05-14,116.41
2024-05-15,116.36
2024-05-16,116.35
2024-05-17,116.31
2024-05-18,115.98
2024-05-19,115.45
2024-05-20,114.91
2024-05-21,114.36
2024-05-22,114.28
2024-05-23,114.17
2024-05-24,114.04
2024-05-25,114.17
2024-05-26,114.53
2024-05-27,114.89
2024-05-28,115.21
2024-05-29,115.00
2024-05-30,114.90
2024-05-31,114.80
2024-06-01,114.80
2024-06-02,114.76
2024-06-03,114.75
2024-06-04,114.74
2024-06-05,114.81
2024-06-06,114.78
2024-06-07,114.81
2024-06-08,114.80
2024-06-09,114.81
2024-06-10,114.78
2024-06-11,114.77
2024-06-12,114.72
2024-06-13,114.65
2024-06-14,114.54
2024-06-15,114.32
2024-06-16,114.25
2024-06-17,114.17
2024-06-18,114.11
2024-06-19,114.03
2024-06-20,114.02
2024-06-21,113.88
2024-06-22,113.86
2024-06-23,113.75
2024-06-24,113.64
2024-06-25,113.49
2024-06-26,113.40
2024-06-27,113.27
2024-06-28,113.26
2024-06-29,113.29
2024-06-30,113.34
2024-07-01,113.42
2024-07-02,113.49
2024-07-03,113.58
2024-07-04,113.67
2024-07-05,113.75
2024-07-06,113.69
2024-07-07,113.62
2024-07-08,113.53
2024-07-09,113.51
2024-07-10,113.46
2024-07-11,113.43
2024-07-12,113.43
2024-07-13,113.48
2024-07-14,113.48
2024-07-15,113.45
2024-07-16,113.44
2024-07-17,113.45
2024-07-18,113.40
2024-07-19,113.41
2024-07-20,113.24
2024-07-21,113.32
2024-07-22,113.47
2024-07-23,113.64
2024-07-24,113.76
2024-07-25,113.92
2024-07-26,114.02
2024-07-27,114.27
2024-07-28,114.30
2024-07-29,114.29
2024-07-30,114.28
2024-07-31,114.29
2024-08-01,114.30
2024-08-02,114.32
2024-08-03,114.36
2024-08-04,114.33
2024-08-05,114.30
2024-08-06,114.21
2024-08-07,114.13
2024-08-08,114.05
2024-08-09,113.91
2024-08-10,113.74
2024-08-11,113.72
2024-08-12,113.65
2024-08-13,113.62
2024-08-14,113.54
2024-08-15,113.48
2024-08-16,113.44
2024-08-17,113.45
2024-08-18,113.37
2024-08-19,113.28
2024-08-20,113.12
2024-08-21,112.99
2024-08-22,112.85
2024-08-23,112.78
2024-08-24,112.64
2024-08-25,112.47
2024-08-26,112.36
2024-08-27,112.35
2024-08-28,112.35
2024-08-29,112.35
2024-08-30,112.29
2024-08-31,112.28
2024-09-01,112.35
2024-09-02,112.38
2024-09-03,112.35
2024-09-04,112.28
2024-09-05,112.20
2024-09-06,112.12
2024-09-07,112.16
2024-09-08,112.14
2024-09-09,112.14
2024-09-10,112.17
2024-09-11,112.26
2024-09-12,112.31
2024-09-13,112.39
2024-09-14,112.38
2024-09-15,112.37
2024-09-16,112.38
2024-09-17,112.43
2024-09-18,112.52
2024-09-19,112.62
2024-09-20,112.71
2024-09-21,112.73
2024-09-22,112.77
2024-09-23,112.80
2024-09-24,112.75
2024-09-25,112.64
2024-09-26,112.58
2024-09-27,112.47
2024-09-28,112.38
2024-09-29,112.37
2024-09-30,112.37
2024-10-01,112.31
2024-10-02,112.24
2024-10-03,112.10
2024-10-04,112.08
2024-10-05,112.06
2024-10-06,111.96
2024-10-07,111.79
2024-10-08,111.68
2024-10-09,111.57
2024-10-10,111.43
2024-10-11,111.07
2024-10-12,110.83
2024-10-13,110.62
2024-10-14,110.37
2024-10-15,110.15
2024-10-16,109.91
2024-10-17,109.73
2024-10-18,109.52
2024-10-19,109.13
2024-10-20,108.88
2024-10-21,108.67
2024-10-22,108.54
2024-10-23,108.39
2024-10-24,108.15
2024-10-25,108.17
2024-10-26,108.31
2024-10-27,108.33
2024-10-28,108.37
2024-10-29,108.36
2024-10-30,108.35
2024-10-31,108.51
2024-11-01,108.55
2024-11-02,108.69
2024-11-03,108.77
2024-11-04,108.79
2024-11-05,108.86
2024-11-06,108.97
2024-11-07,109.05
2024-11-08,109.16
2024-11-09,109.18
2024-11-10,109.24
2024-11-11,109.38
2024-11-12,109.43
2024-11-13,109.49
2024-11-14,109.54
2024-11-15,109.61
2024-11-16,109.62
2024-11-17,109.61
2024-11-18,109.60
2024-11-19,109.60
2024-11-20,109.60
2024-11-21,109.61
2024-11-22,109.69
2024-11-23,109.78
2024-11-24,109.87
2024-11-25,109.96
2024-11-26,110.05
2024-11-27,110.19
2024-11-28,110.31
2024-11-29,110.32
2024-11-30,110.32
2024-12-01,110.29
2024-12-02,110.30
2024-12-03,110.29
2024-12-04,110.25
2024-12-05,110.17
2024-12-06,110.19
2024-12-07,110.23
2024-12-08,110.29
2024-12-09,110.37
2024-12-10,110.40
2024-12-11,110.35
2024-12-12,110.39
2024-12-13,110.38
2024-12-14,110.23
2024-12-15,110.22
2024-12-16,110.15
2024-12-17,110.06
2024-12-18,110.04
2024-12-19,109.93
2024-12-20,109.87
2024-12-21,110.02
2024-12-22,110.02
2024-12-23,110.08
2024-12-24,110.18
2024-12-25,110.29
2024-12-26,110.44
2024-12-27,110.51
2024-12-28,110.54
2024-12-29,110.61
2024-12-30,110.62
2024-12-31,110.64
2025-01-01,110.65
2025-01-02,110.60
2025-01-03,110.57
2025-01-04,110.54
2025-01-05,110.47
2025-01-06,110.38
2025-01-07,110.32
2025-01-08,110.28
2025-01-09,110.32
2025-01-10,110.33
2025-01-11,110.26
2025-01-12,110.23
2025-01-13,110.22
2025-01-14,110.23
2025-01-15,110.23
2025-01-16,110.19
2025-01-17,110.18
2025-01-18,110.15
2025-01-19,110.15
2025-01-20,110.15
2025-01-21,110.12
2025-01-22,110.05
2025-01-23,109.99
2025-01-24,109.93
2025-01-25,109.93
2025-01-26,109.87
2025-01-27,109.80
2025-01-28,109.68
2025-01-29,109.67
2025-01-30,109.66
2025-01-31,109.60
2025-02-01,109.54
2025-02-02,109.52
2025-02-03,109.48
2025-02-04,109.49
2025-02-05,109.45
2025-02-06,109.40
2025-02-07,109.39
2025-02-08,109.39
2025-02-09,109.37
2025-02-10,109.38
2025-02-11,109.43
2025-02-12,109.47
2025-02-13,109.50
2025-02-14,109.53
2025-02-15,109.40
2025-02-16,109.44
2025-02-17,109.47
2025-02-18,109.35
2025-02-19,109.24
2025-02-20,109.14
2025-02-21,109.03
2025-02-22,109.14
2025-02-23,109.05
2025-02-24,108.97
2025-02-25,109.00
2025-02-26,108.97
2025-02-27,108.97
2025-02-28,108.99
2025-03-01,108.81
2025-03-02,108.78
2025-03-03,108.72
2025-03-04,108.59
2025-03-05,108.48
2025-03-06,108.45
2025-03-07,108.36
2025-03-08,108.35
2025-03-09,108.26
2025-03-10,108.15
2025-03-11,108.06
2025-03-12,108.02
2025-03-13,107.88
2025-03-14,107.79
2025-03-15,107.75
2025-03-16,107.73
2025-03-17,107.69
2025-03-18,107.69
2025-03-19,107.64
2025-03-20,107.58
2025-03-21,107.52
2025-03-22,107.44
2025-03-23,107.26
2025-03-24,107.20
2025-03-25,107.10
2025-03-26,107.06
2025-03-27,106.98
2025-03-28,106.90
2025-03-29,106.80
2025-03-30,106.81
2025-03-31,106.77
2025-04-01,106.77
2025-04-02,106.71
2025-04-03,106.77
2025-04-04,106.89
2025-04-05,107.01
2025-04-06,107.04
2025-04-07,107.07
2025-04-08,107.12
2025-04-09,107.23
2025-04-10,107.17
2025-04-11,107.06
2025-04-12,107.05
2025-04-13,107.05
2025-04-14,107.05
2025-04-15,107.01
2025-04-16,106.94
2025-04-17,106.97
2025-04-18,106.96
2025-04-19,106.87
2025-04-20,106.81
2025-04-21,106.72
2025-04-22,106.63
2025-04-23,106.56
2025-04-24,106.43
2025-04-25,106.30
2025-04-26,106.22
2025-04-27,106.16
2025-04-28,106.11
2025-04-29,106.07
2025-04-30,106.07
2025-05-01,105.85
2025-05-02,105.94
2025-05-03,106.04
2025-05-04,106.09
2025-05-05,105.64
2025-05-06,105.70
2025-05-07,105.73
2025-05-08,105.92
2025-05-09,105.87
2025-05-10,105.81
2025-05-11,105.74
2025-05-12,106.16
2025-05-13,106.09
2025-05-14,105.97
2025-05-15,105.99
2025-05-16,105.97
2025-05-17,105.79
2025-05-18,105.86
2025-05-19,105.92
2025-05-20,105.95
2025-05-21,105.99
2025-05-22,106.00
2025-05-23,105.99
2025-05-24,106.14
2025-05-25,106.03
2025-05-26,105.95
2025-05-27,105.85
2025-05-28,105.78
2025-05-29,105.71
2025-05-30,105.53
2025-05-31,105.48
2025-06-01,105.51
2025-06-02,105.52
2025-06-03,105.55
2025-06-04,105.61
2025-06-05,105.66
2025-06-06,105.80
2025-06-07,105.79
2025-06-08,105.70
2025-06-09,105.61
2025-06-10,105.51
2025-06-11,105.44
2025-06-12,105.36
2025-06-13,105.31
2025-06-14,105.17
2025-06-15,105.20
2025-06-16,105.20
2025-06-17,105.22
2025-06-18,105.19
2025-06-19,105.16
2025-06-20,105.13
2025-06-21,105.26
2025-06-22,105.23
2025-06-23,105.20
2025-06-24,105.19
2025-06-25,105.13
2025-06-26,105.04
2025-06-27,104.97
2025-06-28,104.80
2025-06-29,104.79
2025-06-30,104.82
2025-07-01,104.82
2025-07-02,104.75
2025-07-03,104.75
2025-07-04,104.72
2025-07-05,104.80
2025-07-06,104.67
2025-07-07,104.55
2025-07-08,104.31
2025-07-09,104.24
2025-07-10,104.09
2025-07-11,104.03
2025-07-12,103.89
2025-07-13,103.77
2025-07-14,103.67
2025-07-15,103.80
2025-07-16,103.86
2025-07-17,103.93
2025-07-18,103.95
2025-07-19,103.90
2025-07-20,104.03
2025-07-21,104.10
2025-07-22,104.12
2025-07-23,104.18
2025-07-24,104.24
2025-07-25,104.33
2025-07-26,104.55
2025-07-27,104.57
2025-07-28,104.65
2025-07-29,104.72
2025-07-30,104.72
2025-07-31,104.75
2025-08-01,104.75
2025-08-02,104.71
2025-08-03,104.71
2025-08-04,104.68
2025-08-05,104.62
2025-08-06,104.65
2025-08-07,104.69
2025-08-08,104.68
2025-08-09,104.70
2025-08-10,104.75
2025-08-11,104.74
2025-08-12,104.79
2025-08-13,104.79
2025-08-14,104.79
2025-08-15,104.80
2025-08-16,104.88
2025-08-17,104.87
2025-08-18,104.94
2025-08-19,104.98
2025-08-20,105.02
2025-08-21,105.03
2025-08-22,105.09
2025-08-23,104.98
2025-08-24,104.97
2025-08-25,104.94
2025-08-26,104.91
2025-08-27,104.79
2025-08-28,104.68
2025-08-29,104.44
2025-08-30,104.30
2025-08-31,104.06
2025-09-01,103.90
2025-09-02,103.66
2025-09-03,103.58
2025-09-04,103.52
2025-09-05,103.57
2025-09-06,103.63
2025-09-07,103.72
2025-09-08,103.66
2025-09-09,103.66
2025-09-10,103.55
2025-09-11,103.45
2025-09-12,103.35
2025-09-13,103.22
2025-09-14,103.02
2025-09-15,102.93
2025-09-16,102.84
2025-09-17,102.81
2025-09-18,102.73
2025-09-19,102.58
2025-09-20,102.47
2025-09-21,102.38
2025-09-22,102.25
2025-09-23,102.11
2025-09-24,101.97
2025-09-25,101.85
2025-09-26,101.75
2025-09-27,101.56
2025-09-28,101.45
2025-09-29,101.38
2025-09-30,101.37
2025-10-01,101.32
2025-10-02,101.28
2025-10-03,101.32
2025-10-04,101.41
2025-10-05,101.43
2025-10-06,101.45
2025-10-07,101.41
2025-10-08,101.36
2025-10-09,101.31
2025-10-10,101.22
2025-10-11,101.16
2025-10-12,101.11
2025-10-13,101.03
2025-10-14,101.00
2025-10-15,101.04
2025-10-16,101.00
2025-10-17,100.96
2025-10-18,100.77
2025-10-19,100.78
2025-10-20,100.77
2025-10-21,100.56
2025-10-22,100.59
2025-10-23,100.52
2025-10-24,100.54
2025-10-25,100.61
2025-10-26,100.53
2025-10-27,100.52
2025-10-28,100.70
2025-10-29,100.60
2025-10-30,100.67
2025-10-31,100.58
2025-11-01,100.36
2025-11-02,100.45
2025-11-03,100.47
2025-11-04,100.40
2025-11-05,100.46
2025-11-06,100.52
2025-11-07,100.71
2025-11-08,101.07
2025-11-09,101.14
2025-11-10,101.04
2025-11-11,101.15
2025-11-12,101.14
2025-11-13,101.12
2025-11-14,101.00
2025-11-15,101.20
2025-11-16,101.26
2025-11-17,101.39
2025-11-18,101.46
2025-11-19,101.47
2025-11-20,101.60
2025-11-21,101.72
2025-11-22,101.78
2025-11-23,101.81
2025-11-24,101.94
2025-11-25,102.03
2025-11-26,102.21
2025-11-27,102.31
2025-11-28,102.40
2025-11-29,102.32
2025-11-30,102.32
2025-12-01,102.24
2025-12-02,102.26
2025-12-03,102.16
2025-12-04,102.11
2025-12-05,102.06
2025-12-06,102.14
2025-12-07,102.15
2025-12-08,102.25
2025-12-09,102.14
2025-12-10,102.17
2025-12-11,102.11
2025-12-12,102.15
2025-12-13,102.13
2025-12-14,102.18
2025-12-15,102.12
2025-12-16,102.22
2025-12-17,102.55
2025-12-18,103.00
2025-12-19,103.32
2025-12-20,103.57
2025-12-21,103.65
2025-12-22,103.99
2025-12-23,104.28
2025-12-24,104.34
2025-12-25,104.28
2025-12-26,104.08
2025-12-27,103.89
2025-12-28,103.90
2025-12-29,103.67
2025-12-30,103.56
2025-12-31,103.38
2026-01-01,103.14
2026-01-02,103.03
2026-01-03,102.89
2026-01-04,102.69
2026-01-05,102.58
2026-01-06,102.45
2026-01-07,102.38
2026-01-08,102.36
2026-01-09,102.37
2026-01-10,102.47
2026-01-11,102.65
2026-01-12,102.69
2026-01-13,102.78
2026-01-14,102.84
2026-01-15,102.98
2026-01-16,103.12
2026-01-17,103.28
2026-01-18,103.40
2026-01-19,103.62
2026-01-20,103.71
2026-01-21,103.83
2026-01-22,103.92
2026-01-23,104.08
2026-01-24,104.12
2026-01-25,104.17
2026-01-26,104.11
2026-01-27,104.12
2026-01-28,104.04
2026-01-29,103.96
2026-01-30,103.80
2026-01-31,103.72
2026-02-01,103.63
2026-02-02,103.65
2026-02-03,103.61
2026-02-04,103.57
2026-02-05,103.47
2026-02-06,103.64
2026-02-07,103.71
2026-02-08,103.79
2026-02-09,103.86
2026-02-10,104.01
2026-02-11,104.14
2026-02-12,104.45
2026-02-13,104.54
2026-02-14,104.69
2026-02-15,104.90
2026-02-16,105.09
2026-02-17,105.11
2026-02-18,105.21
2026-02-19,105.20
2026-02-20,105.27
2026-02-21,105.32
2026-02-22,105.31
2026-02-23,105.16
2026-02-24,105.20
2026-02-25,105.25
2026-02-26,105.40
2026-02-27,105.45
2026-02-28,105.45
2026-03-01,105.39
2026-03-02,105.48
2026-03-03,105.36
2026-03-04,105.41
2026-03-05,105.38
2026-03-06,105.30
2026-03-07,105.18
2026-03-08,105.09
2026-03-09,104.99
2026-03-10,105.11
2026-03-11,104.94
2026-03-12,104.61
2026-03-13,104.43
2026-03-14,104.30
2026-03-15,104.08
2026-03-16,104.06
2026-03-17,103.56
2026-03-18,103.37
2026-03-19,103.27
2026-03-20,103.18
2026-03-21,102.99
2026-03-22,102.92
2026-03-23,102.72
2026-03-24,102.65
2026-03-25,102.54
2026-03-26,102.50
2026-03-27,102.28
2026-03-28,102.22
2026-03-29,102.11
2026-03-30,102.10
2026-03-31,102.24
2026-04-01,102.24
2026-04-02,102.11
2026-04-03,102.24
2026-04-04,102.29
2026-04-05,102.40
2026-04-06,102.42
2026-04-07,102.52
2026-04-08,102.54
2026-04-09,102.94
2026-04-10,102.96
2026-04-11,102.99
2026-04-12,103.04
2026-04-13,102.91
2026-04-14,102.91
2026-04-15,102.97
2026-04-16,102.81
2026-04-17,102.74
2026-04-18,102.73
2026-04-19,102.70
2026-04-20,102.75
2026-04-21,102.84
2026-04-22,102.97
2026-04-23,102.89
2026-04-24,102.92
2026-04-25,102.81
2026-04-26,102.71
2026-04-27,102.73
2026-04-28,102.54
2026-04-29,102.38
2026-04-30,102.40
2026-05-01,102.50
2026-05-02,102.58
2026-05-03,102.63
2026-05-04,102.63
2026-05-05,102.76
2026-05-06,102.73
2026-05-07,102.64
2026-05-08,102.41
2026-05-09,102.34
2026-05-10,102.19
2026-05-11,102.14
2026-05-12,101.98
2026-05-13,101.82
2026-05-14,101.67
2026-05-15,101.60
2026-05-16,101.55
2026-05-17,101.68
2026-05-18,101.65
2026-05-19,101.85
2026-05-20,102.04
2026-05-21,102.02
2026-05-22,102.10
2026-05-23,102.21
2026-05-24,102.22
2026-05-25,102.21
2026-05-26,101.76
2026-05-27,101.32
2026-05-28,101.15
2026-05-29,100.83
2026-05-30,100.60
2026-05-31,100.40
2026-06-01,100.07
2026-06-02,99.98
2026-06-03,100.07
2026-06-04,100.11
2026-06-05,100.19
2026-06-06,100.29
2026-06-07,100.36
2026-06-08,100.38
2026-06-09,100.44
2026-06-10,100.43
2026-06-11,100.42
2026-06-12,100.44
2026-06-13,100.41
2026-06-14,100.42
2026-06-15,100.54
2026-06-16,100.55
2026-06-17,100.61
2026-06-18,100.84
2026-06-19,101.14
2026-06-20,101.34
2026-06-21,101.55
2026-06-22,101.72
2026-06-23,101.77
2026-06-24,101.76
2026-06-25,101.62
2026-06-26,101.39
2026-06-27,101.26
2026-06-28,101.07
2026-06-29,100.92
2026-06-30,100.96
2026-07-01,100.96
2026-07-02,100.92
2026-07-03,101.09
2026-07-04,101.06
2026-07-05,101.11
2026-07-06,101.08
2026-07-07,101.11
2026-07-08,101.18
2026-07-09,101.28
2026-07-10,101.17
2026-07-11,101.29
2026-07-12,101.34
2026-07-13,101.37
2026-07-14,101.44
2026-07-15,101.45
2026-07-16,101.51
2026-07-17,101.54
2026-07-18,101.54
2026-07-19,101.58
2026-07-20,101.71
2026-07-21,101.80
2026-07-22,101.91
2026-07-23,102.00
2026-07-24,102.09
2026-07-25,102.19
2026-07-26,102.30
2026-07-27,102.32
2026-07-28,102.32
2026-07-29,102.34
2026-07-30,102.25
2026-07-31,102.10
2026-08-01,101.98
2026-08-02,101.85
2026-08-03,101.74
2026-08-04,101.73
2026-08-05,101.65
2026-08-06,101.66
2026-08-07,101.69
2026-08-08,101.71
2026-08-09,101.75
2026-08-10,101.78
2026-08-11,101.77
2026-08-12,101.74
2026-08-13,101.76
2026-08-14,101.78
2026-08-15,101.81
2026-08-16,101.82
2026-08-17,101.79
2026-08-18,101.73
2026-08-19,101.77
2026-08-20,101.82
2026-08-21,101.91
2026-08-22,101.97
2026-08-23,102.07
2026-08-24,102.17
2026-08-25,102.27
2026-08-26,102.24
2026-08-27,102.22
2026-08-28,102.13
