observation_date,KCROROE
2019-01-01,0.0146
2019-01-02,-0.1214
2019-01-03,0.9446
2019-01-04,-2.4347
2019-01-07,-0.4092
2019-01-08,-0.7086
2019-01-09,-0.6604
2019-01-10,-0.2624
2019-01-11,-0.2870
2019-01-14,0.5402
2019-01-15,-0.5686
2019-01-16,-0.2181
2019-01-17,-0.2828
2019-01-18,-1.1412
2019-01-21,0.1906
2019-01-22,0.9893
2019-01-23,-0.0663
2019-01-24,-0.2787
2019-01-25,-0.8107
2019-01-28,0.8397
2019-01-29,-0.1815
2019-01-30,-0.6582
2019-01-31,-0.5832
2019-02-01,-0.3153
2019-02-04,-0.1530
2019-02-05,-0.7608
2019-02-06,0.0628
2019-02-07,1.2938
2019-02-08,0.3244
2019-02-11,-0.3483
2019-02-12,-0.7958
2019-02-13,-0.3284
2019-02-14,0.4814
2019-02-15,-0.9494
2019-02-18,-0.2186
2019-02-19,0.0096
2019-02-20,-0.4797
2019-02-21,0.2157
2019-02-22,-0.3406
2019-02-25,-0.0181
2019-02-26,0.0180
2019-02-27,0.0940
2019-02-28,-0.0133
2019-03-01,-0.5078
2019-03-04,0.2260
2019-03-05,0.0341
2019-03-06,0.2603
2019-03-07,0.7107
2019-03-08,0.4987
2019-03-11,-0.7900
2019-03-12,-0.3538
2019-03-13,-0.3449
2019-03-14,-0.2458
2019-03-15,-0.6127
2019-03-18,-0.1929
2019-03-19,-0.1642
2019-03-20,0.6220
2019-03-21,-0.1026
2019-03-22,1.6593
2019-03-25,0.2410
2019-03-26,-0.8744
2019-03-27,0.2974
2019-03-28,0.0341
2019-03-29,-0.6784
2019-04-01,-0.8319
2019-04-02,-0.0996
2019-04-03,-0.5316
2019-04-04,0.0713
2019-04-05,-0.3555
2019-04-08,0.1801
2019-04-09,0.3989
2019-04-10,-0.1996
2019-04-11,-0.3161
2019-04-12,-0.5026
2019-04-15,-0.1189
2019-04-16,-0.1611
2019-04-17,0.0419
2019-04-18,-0.0324
2019-04-19,0.0100
2019-04-22,0.0288
2019-04-23,-0.0969
2019-04-24,0.2997
2019-04-25,0.2455
2019-04-26,-0.3046
2019-04-29,0.0410
2019-04-30,-0.0213
2019-05-01,0.3254
2019-05-02,0.4457
2019-05-03,-0.6232
2019-05-06,1.0836
2019-05-07,1.6938
2019-05-08,0.0242
2019-05-09,0.9881
2019-05-10,-0.7845
2019-05-13,1.6469
2019-05-14,-0.9728
2019-05-15,-0.6486
2019-05-16,-0.9571
2019-05-17,0.2838
2019-05-20,0.8323
2019-05-21,-0.7362
2019-05-22,0.0605
2019-05-23,1.4016
2019-05-24,-0.5788
2019-05-27,-0.1403
2019-05-28,0.4490
2019-05-29,1.0835
2019-05-30,-0.3233
2019-05-31,0.8992
2019-06-03,-0.1239
2019-06-04,-1.0103
2019-06-05,-0.6093
2019-06-06,-0.2361
2019-06-07,-0.7433
2019-06-10,-0.2910
2019-06-11,-0.3124
2019-06-12,0.2209
2019-06-13,-0.0752
2019-06-14,0.1950
2019-06-17,-0.0084
2019-06-18,-0.8254
2019-06-19,-0.2886
2019-06-20,-0.4573
2019-06-21,0.2626
2019-06-24,0.0586
2019-06-25,0.4056
2019-06-26,0.1859
2019-06-27,-0.1943
2019-06-28,-0.4871
2019-07-01,-0.7747
2019-07-02,-0.3847
2019-07-03,-0.4422
2019-07-04,-0.0566
2019-07-05,0.5670
2019-07-08,0.3514
2019-07-09,0.2263
2019-07-10,-0.1985
2019-07-11,-0.0666
2019-07-12,-0.1409
2019-07-15,-0.0258
2019-07-16,0.0003
2019-07-17,0.4671
2019-07-18,0.2491
2019-07-19,0.1224
2019-07-22,-0.1761
2019-07-23,-0.6292
2019-07-24,-0.1006
2019-07-25,0.3567
2019-07-26,-0.3269
2019-07-29,0.0586
2019-07-30,0.9028
2019-07-31,0.5408
2019-08-01,0.2859
2019-08-02,1.7380
2019-08-05,2.7078
2019-08-06,-0.4824
2019-08-07,-0.3054
2019-08-08,-1.7065
2019-08-09,0.6846
2019-08-12,0.7632
2019-08-13,-0.8309
2019-08-14,2.2721
2019-08-15,0.2280
2019-08-16,-1.3709
2019-08-19,-1.1960
2019-08-20,0.4705
2019-08-21,-0.9841
2019-08-22,0.5478
2019-08-23,1.3926
2019-08-26,-0.1121
2019-08-27,-0.1559
2019-08-28,-0.1531
2019-08-29,-1.0416
2019-08-30,-0.1117
2019-09-02,-0.0128
2019-09-03,0.4248
2019-09-04,-1.1923
2019-09-05,-0.9104
2019-09-06,-0.4394
2019-09-09,0.1088
2019-09-10,0.0134
2019-09-11,-0.5101
2019-09-12,-0.4265
2019-09-13,-0.3940
2019-09-16,0.8044
2019-09-17,-0.1240
2019-09-18,-0.0946
2019-09-19,-0.3056
2019-09-20,0.1978
2019-09-23,0.4974
2019-09-24,0.4957
2019-09-25,0.2408
2019-09-26,-0.2212
2019-09-27,0.0243
2019-09-30,-0.1608
2019-10-01,1.0669
2019-10-02,2.1357
2019-10-03,-0.2865
2019-10-04,-1.0870
2019-10-07,-0.1939
2019-10-08,1.2015
2019-10-09,-0.6409
2019-10-10,-0.6728
2019-10-11,-1.5184
2019-10-14,0.0743
2019-10-15,-0.9759
2019-10-16,0.0548
2019-10-17,-0.0537
2019-10-18,0.3222
2019-10-21,-0.4783
2019-10-22,0.0142
2019-10-23,-0.2353
2019-10-24,-0.3604
2019-10-25,-0.2981
2019-10-28,-0.0887
2019-10-29,0.0729
2019-10-30,-0.1903
2019-10-31,0.3182
2019-11-01,-0.6979
2019-11-04,-0.3464
2019-11-05,0.0413
2019-11-06,-0.1234
2019-11-07,-0.1739
2019-11-08,0.0258
2019-11-11,0.1875
2019-11-12,-0.1987
2019-11-13,0.2544
2019-11-14,0.1856
2019-11-15,-0.6998
2019-11-18,0.0606
2019-11-19,0.1489
2019-11-20,0.3600
2019-11-21,0.3058
2019-11-22,-0.2548
2019-11-25,-0.6555
2019-11-26,-0.1869
2019-11-27,-0.1314
2019-11-28,0.1409
2019-11-29,0.4368
2019-12-02,1.2518
2019-12-03,0.7406
2019-12-04,-0.8183
2019-12-05,-0.0316
2019-12-06,-0.8100
2019-12-09,0.4845
2019-12-10,0.1044
2019-12-11,-0.1584
2019-12-12,-0.5786
2019-12-13,-0.8611
2019-12-16,-0.9071
2019-12-17,0.1946
2019-12-18,0.1333
2019-12-19,-0.0628
2019-12-20,-0.4232
2019-12-23,0.0717
2019-12-24,-0.0164
2019-12-27,-0.1496
2019-12-30,0.8461
2019-12-31,-0.1160
2020-01-01,0.0154
2020-01-02,-0.8094
2020-01-03,0.6620
2020-01-06,0.2986
2020-01-07,-0.1949
2020-01-08,-0.0620
2020-01-09,-0.5931
2020-01-10,-0.0444
2020-01-13,-0.1084
2020-01-14,-0.1025
2020-01-15,-0.1010
2020-01-16,-0.3586
2020-01-17,-0.4276
2020-01-20,0.1337
2020-01-21,0.3517
2020-01-22,0.1209
2020-01-23,0.5257
2020-01-24,0.0226
2020-01-27,2.3550
2020-01-28,-0.9304
2020-01-29,-0.2268
2020-01-30,0.5689
2020-01-31,1.1639
2020-02-03,-0.3593
2020-02-04,-1.3666
2020-02-05,-0.8990
2020-02-06,-0.4767
2020-02-07,0.3883
2020-02-10,0.0046
2020-02-11,-0.4251
2020-02-12,-0.5509
2020-02-13,0.3807
2020-02-14,-0.0376
2020-02-17,-0.0383
2020-02-18,0.5963
2020-02-19,-0.5658
2020-02-20,0.6478
2020-02-21,0.7631
2020-02-24,4.0409
2020-02-25,2.5042
2020-02-26,-0.2891
2020-02-27,4.9488
2020-02-28,2.9294
2020-03-02,-2.9588
2020-03-03,0.1200
2020-03-04,-2.2968
2020-03-05,2.4284
2020-03-06,3.4041
2020-03-09,7.6872
2020-03-10,-1.5158
2020-03-11,2.3529
2020-03-12,11.9197
2020-03-13,-3.8043
2020-03-16,8.9283
2020-03-17,-3.9747
2020-03-18,3.9332
2020-03-19,-2.2544
2020-03-20,-1.9422
2020-03-23,0.9542
2020-03-24,-6.8827
2020-03-25,-1.1953
2020-03-26,-3.0400
2020-03-27,3.1686
2020-03-30,-2.7923
2020-03-31,-1.3938
2020-04-01,3.0365
2020-04-02,-1.2862
2020-04-03,-0.2707
2020-04-06,-3.5972
2020-04-07,-0.3601
2020-04-08,-1.1989
2020-04-09,-1.2818
2020-04-10,-0.0401
2020-04-13,0.2695
2020-04-14,-2.0324
2020-04-15,2.7359
2020-04-16,-0.4031
2020-04-17,-2.2229
2020-04-20,0.9511
2020-04-21,3.1382
2020-04-22,-1.9779
2020-04-23,-0.9535
2020-04-24,-0.5091
2020-04-27,-2.2588
2020-04-28,-0.6690
2020-04-29,-1.8270
2020-04-30,1.4848
2020-05-01,1.3483
2020-05-04,1.5292
2020-05-05,-1.6284
2020-05-06,0.4451
2020-05-07,-1.2176
2020-05-08,-1.7777
2020-05-11,0.0672
2020-05-12,0.6306
2020-05-13,2.1978
2020-05-14,0.8707
2020-05-15,-0.6709
2020-05-18,-3.2572
2020-05-19,0.3653
2020-05-20,-1.2434
2020-05-21,1.1942
2020-05-22,-0.0371
2020-05-25,-0.9782
2020-05-26,-1.1858
2020-05-27,-0.3322
2020-05-28,-0.7677
2020-05-29,0.6023
2020-06-01,-0.5888
2020-06-02,-1.0059
2020-06-03,-1.6753
2020-06-04,-0.2149
2020-06-05,-1.4887
2020-06-08,0.0231
2020-06-09,0.9075
2020-06-10,0.3271
2020-06-11,5.2695
2020-06-12,0.1732
2020-06-15,-0.4598
2020-06-16,-2.1111
2020-06-17,-0.2864
2020-06-18,0.1653
2020-06-19,-0.1546
2020-06-22,-0.1355
2020-06-23,-1.1384
2020-06-24,2.7141
2020-06-25,-0.7036
2020-06-26,0.9177
2020-06-29,-0.8308
2020-06-30,-0.8867
2020-07-01,-0.5727
2020-07-02,-1.2780
2020-07-03,0.3168
2020-07-06,-1.1984
2020-07-07,0.8105
2020-07-08,0.1640
2020-07-09,0.7431
2020-07-10,-0.9607
2020-07-13,-0.0548
2020-07-14,-0.0704
2020-07-15,-1.3744
2020-07-16,0.2220
2020-07-17,-0.5330
2020-07-20,-0.7531
2020-07-21,-0.3379
2020-07-22,0.1292
2020-07-23,0.3217
2020-07-24,1.0391
2020-07-27,-0.5031
2020-07-28,0.1223
2020-07-29,-0.4034
2020-07-30,1.5108
2020-07-31,0.1685
2020-08-03,-0.9936
2020-08-04,-0.4033
2020-08-05,-0.7504
2020-08-06,0.3364
2020-08-07,-0.1325
2020-08-10,-0.1547
2020-08-11,-0.5154
2020-08-12,-1.1850
2020-08-13,0.1581
2020-08-14,0.6299
2020-08-17,-0.4102
2020-08-18,0.1742
2020-08-19,-0.1979
2020-08-20,0.8666
2020-08-21,0.1012
2020-08-24,-1.0588
2020-08-25,-0.0394
2020-08-26,-0.4814
2020-08-27,0.6856
2020-08-28,-0.0237
2020-08-31,0.7803
2020-09-01,0.0444
2020-09-02,-0.7385
2020-09-03,2.3440
2020-09-04,0.7994
2020-09-07,-1.1633
2020-09-08,1.0983
2020-09-09,-1.5792
2020-09-10,0.3207
2020-09-11,-0.5511
2020-09-14,-0.6945
2020-09-15,-0.3537
2020-09-16,-0.0069
2020-09-17,0.5910
2020-09-18,0.2843
2020-09-21,2.8744
2020-09-22,-0.5422
2020-09-23,0.3633
2020-09-24,0.6200
2020-09-25,-0.6127
2020-09-28,-1.3726
2020-09-29,0.1720
2020-09-30,0.0207
2020-10-01,-0.1132
2020-10-02,0.4217
2020-10-05,-0.9946
2020-10-06,0.2438
2020-10-07,-0.4811
2020-10-08,-0.7934
2020-10-09,-0.8317
2020-10-12,-0.5117
2020-10-13,0.6191
2020-10-14,0.2729
2020-10-15,1.5233
2020-10-16,-0.5828
2020-10-19,0.5985
2020-10-20,0.1606
2020-10-21,0.6255
2020-10-22,-0.0235
2020-10-23,-0.5303
2020-10-26,2.1936
2020-10-27,0.7061
2020-10-28,3.5530
2020-10-29,-0.4121
2020-10-30,0.1463
2020-11-02,-1.0755
2020-11-03,-1.9254
2020-11-04,-2.6081
2020-11-05,-1.5680
2020-11-06,-0.4780
2020-11-09,-1.8766
2020-11-10,-0.3495
2020-11-11,-1.0128
2020-11-12,0.6968
2020-11-13,-0.4857
2020-11-16,-1.0078
2020-11-17,0.0978
2020-11-18,0.0950
2020-11-19,0.2912
2020-11-20,-0.0483
2020-11-23,0.0653
2020-11-24,-1.2124
2020-11-25,-0.1468
2020-11-26,-0.0496
2020-11-27,-0.3579
2020-11-30,0.9551
2020-12-01,-0.8524
2020-12-02,-0.0307
2020-12-03,-0.1364
2020-12-04,-0.4891
2020-12-07,0.3450
2020-12-08,-0.2631
2020-12-09,0.1554
2020-12-10,0.2044
2020-12-11,0.8454
2020-12-14,-0.0651
2020-12-15,-0.6366
2020-12-16,-0.5417
2020-12-17,-0.5056
2020-12-18,0.3296
2020-12-21,2.1948
2020-12-22,-0.5566
2020-12-23,-0.8067
2020-12-24,-0.3501
2020-12-28,-0.7347
2020-12-29,-0.1060
2020-12-30,0.1626
2020-12-31,0.1967
2021-01-01,0.0156
2021-01-04,0.6601
2021-01-05,-0.2136
2021-01-06,-1.1548
2021-01-07,-0.9785
2021-01-08,-0.6186
2021-01-11,1.0851
2021-01-12,-0.1043
2021-01-13,-0.3419
2021-01-14,-0.2209
2021-01-15,1.1390
2021-01-18,-0.0295
2021-01-19,-0.4340
2021-01-20,-0.8389
2021-01-21,-0.1903
2021-01-22,0.5118
2021-01-25,1.0975
2021-01-26,-0.5831
2021-01-27,3.2982
2021-01-28,-1.0810
2021-01-29,1.9410
2021-02-01,-1.3429
2021-02-02,-1.7466
2021-02-03,-0.6993
2021-02-04,-0.6148
2021-02-05,-0.4675
2021-02-08,-0.3965
2021-02-09,0.1318
2021-02-10,0.2378
2021-02-11,-0.4516
2021-02-12,-0.5999
2021-02-15,-0.5601
2021-02-16,0.2878
2021-02-17,0.5773
2021-02-18,0.6180
2021-02-19,-0.4911
2021-02-22,0.6200
2021-02-23,0.2091
2021-02-24,-0.5955
2021-02-25,1.3187
2021-02-26,1.6859
2021-03-01,-2.3526
2021-03-02,0.1644
2021-03-03,0.4551
2021-03-04,0.8280
2021-03-05,0.0506
2021-03-08,-0.9991
2021-03-09,-0.9181
2021-03-10,-0.5314
2021-03-11,-0.6861
2021-03-12,-0.1656
2021-03-15,-0.2285
2021-03-16,-0.4361
2021-03-17,0.0176
2021-03-18,0.3050
2021-03-19,0.3948
2021-03-22,-0.5035
2021-03-23,0.5499
2021-03-24,0.4674
2021-03-25,-0.0853
2021-03-26,-1.1502
2021-03-29,0.4020
2021-03-30,-0.2002
2021-03-31,-0.0055
2021-04-01,-0.8907
2021-04-02,-0.0379
2021-04-05,-0.2338
2021-04-06,-0.2193
2021-04-07,-0.2950
2021-04-08,-0.3865
2021-04-09,-0.1949
2021-04-12,0.3436
2021-04-13,-0.2855
2021-04-14,-0.0253
2021-04-15,-0.5218
2021-04-16,-0.3874
2021-04-19,0.3917
2021-04-20,1.5930
2021-04-21,-0.6306
2021-04-22,-0.2786
2021-04-23,-0.2996
2021-04-26,-0.1225
2021-04-27,0.2289
2021-04-28,-0.1870
2021-04-29,0.0361
2021-04-30,0.8384
2021-05-03,-0.4238
2021-05-04,1.2605
2021-05-05,-1.0682
2021-05-06,-0.3557
2021-05-07,-1.0961
2021-05-10,0.4716
2021-05-11,1.9379
2021-05-12,1.4631
2021-05-13,-0.6744
2021-05-14,-2.0215
2021-05-17,0.4962
2021-05-18,0.0005
2021-05-19,1.2339
2021-05-20,-1.1991
2021-05-21,-0.4624
2021-05-24,-0.6975
2021-05-25,-0.0332
2021-05-26,-0.2794
2021-05-27,-0.1691
2021-05-28,-0.4125
2021-05-31,0.4852
2021-06-01,-0.2106
2021-06-02,-0.2982
2021-06-03,0.3096
2021-06-04,-0.6452
2021-06-07,-0.0641
2021-06-08,0.0598
2021-06-09,0.0730
2021-06-10,-0.3660
2021-06-11,-0.4107
2021-06-14,0.0695
2021-06-15,0.0457
2021-06-16,0.1630
2021-06-17,0.4714
2021-06-18,1.9035
2021-06-21,-0.9113
2021-06-22,-0.7909
2021-06-23,0.3499
2021-06-24,-0.6031
2021-06-25,-0.3373
2021-06-28,0.3786
2021-06-29,-0.0847
2021-06-30,0.5279
2021-07-01,-0.4250
2021-07-02,-0.4225
2021-07-05,-0.0894
2021-07-06,0.6554
2021-07-07,-0.3993
2021-07-08,1.5038
2021-07-09,-1.2900
2021-07-12,-0.4549
2021-07-13,0.2185
2021-07-14,-0.0788
2021-07-15,0.7161
2021-07-16,0.5896
2021-07-19,2.5870
2021-07-20,-0.8059
2021-07-21,-1.4898
2021-07-22,-0.4843
2021-07-23,-0.9058
2021-07-26,0.0685
2021-07-27,0.8827
2021-07-28,-0.4961
2021-07-29,-0.5463
2021-07-30,0.7202
2021-08-02,-0.3717
2021-08-03,-0.2635
2021-08-04,-0.2206
2021-08-05,-0.4659
2021-08-06,-0.0868
2021-08-09,0.0007
2021-08-10,-0.1322
2021-08-11,-0.4054
2021-08-12,-0.2643
2021-08-13,-0.2858
2021-08-16,0.6835
2021-08-17,0.5564
2021-08-18,0.6294
2021-08-19,1.2108
2021-08-20,-0.8693
2021-08-23,-1.0954
2021-08-24,-0.0729
2021-08-25,-0.1146
2021-08-26,0.6696
2021-08-27,-0.8417
2021-08-30,-0.2256
2021-08-31,0.3490
2021-09-01,-0.5703
2021-09-02,-0.2056
2021-09-03,0.2824
2021-09-06,-0.4037
2021-09-07,0.5654
2021-09-08,0.6804
2021-09-09,0.2427
2021-09-10,0.4950
2021-09-13,-0.2456
2021-09-14,0.0204
2021-09-15,0.2469
2021-09-16,0.0558
2021-09-17,1.0121
2021-09-20,2.1019
2021-09-21,-0.5571
2021-09-22,-1.2973
2021-09-23,-1.1679
2021-09-24,0.3048
2021-09-27,0.1363
2021-09-28,2.3622
2021-09-29,-0.2165
2021-09-30,0.2984
2021-10-01,0.0084
2021-10-04,0.8100
2021-10-05,-1.0798
2021-10-06,0.7054
2021-10-07,-1.4309
2021-10-08,-0.1591
2021-10-11,0.1520
2021-10-12,0.2355
2021-10-13,-0.5824
2021-10-14,-1.4285
2021-10-15,-0.7103
2021-10-18,0.2426
2021-10-19,-0.5435
2021-10-20,-0.2624
2021-10-21,0.1388
2021-10-22,-0.1499
2021-10-25,-0.0675
2021-10-26,-0.2481
2021-10-27,0.4754
2021-10-28,-0.3157
2021-10-29,0.1560
2021-11-01,-0.4675
2021-11-02,-0.2140
2021-11-03,-0.4078
2021-11-04,-0.2764
2021-11-05,0.1179
2021-11-08,0.1495
2021-11-09,0.4028
2021-11-10,0.2362
2021-11-11,-0.2053
2021-11-12,-0.5745
2021-11-15,-0.0018
2021-11-16,0.0167
2021-11-17,0.2528
2021-11-18,0.2487
2021-11-19,0.4331
2021-11-22,0.3918
2021-11-23,0.6460
2021-11-24,0.0310
2021-11-25,-0.3007
2021-11-26,4.7595
2021-11-29,-1.4473
2021-11-30,1.5296
2021-12-01,-0.6476
2021-12-02,0.4532
2021-12-03,0.8152
2021-12-06,-1.2804
2021-12-07,-2.7605
2021-12-08,-0.3683
2021-12-09,0.3686
2021-12-10,-0.5255
2021-12-13,0.6797
2021-12-14,0.8888
2021-12-15,-0.6530
2021-12-16,-0.8598
2021-12-17,0.8866
2021-12-20,1.6777
2021-12-21,-1.7116
2021-12-22,-1.1645
2021-12-23,-0.8422
2021-12-24,0.0116
2021-12-27,-0.3775
2021-12-28,-0.3236
2021-12-29,0.0324
2021-12-30,0.0075
2021-12-31,0.0617
2022-01-03,-0.2427
2022-01-04,-0.4777
2022-01-05,0.5144
2022-01-06,1.0440
2022-01-07,0.0539
2022-01-10,0.9728
2022-01-11,-0.9697
2022-01-12,-0.8308
2022-01-13,0.6157
2022-01-14,0.7648
2022-01-17,-0.4105
2022-01-18,1.5690
2022-01-19,0.5181
2022-01-20,-0.0928
2022-01-21,2.0444
2022-01-24,2.7329
2022-01-25,0.2162
2022-01-26,-0.9159
2022-01-27,0.0941
2022-01-28,-0.3996
2022-01-31,-1.4453
2022-02-01,-1.4011
2022-02-02,-0.7358
2022-02-03,1.4227
2022-02-04,0.3735
2022-02-07,-0.4877
2022-02-08,-0.4675
2022-02-09,-1.4347
2022-02-10,0.8721
2022-02-11,1.5666
2022-02-14,1.9344
2022-02-15,-1.5993
2022-02-16,-0.3783
2022-02-17,1.4882
2022-02-18,0.8483
2022-02-21,1.2514
2022-02-22,-0.0005
2022-02-23,0.8233
2022-02-24,2.0255
2022-02-25,-3.1467
2022-02-28,0.8955
2022-03-01,2.5983
2022-03-02,-1.0921
2022-03-03,0.9981
2022-03-04,3.4006
2022-03-07,1.6268
2022-03-08,-0.0877
2022-03-09,-3.5041
2022-03-10,0.4665
2022-03-11,-0.0530
2022-03-14,-0.3486
2022-03-15,-0.4586
2022-03-16,-2.8494
2022-03-17,-1.5510
2022-03-18,-0.9632
2022-03-21,-0.2294
2022-03-22,-0.7551
2022-03-23,1.0300
2022-03-24,-0.4074
2022-03-25,-0.0057
2022-03-28,-0.5596
2022-03-29,-1.8652
2022-03-30,0.4855
2022-03-31,1.1014
2022-04-01,-0.2468
2022-04-04,-0.7614
2022-04-05,0.9832
2022-04-06,1.4345
2022-04-07,0.0927
2022-04-08,-0.6777
2022-04-11,0.8704
2022-04-12,0.3374
2022-04-13,-0.7242
2022-04-14,-0.0872
2022-04-15,0.0477
2022-04-18,0.0123
2022-04-19,-0.1410
2022-04-20,-0.9824
2022-04-21,0.4033
2022-04-22,2.6130
2022-04-25,1.0788
2022-04-26,2.0157
2022-04-27,-0.1938
2022-04-28,-1.2831
2022-04-29,0.7204
2022-05-02,0.7951
2022-05-03,-1.0651
2022-05-04,-0.7030
2022-05-05,1.8631
2022-05-06,0.5727
2022-05-09,2.9218
2022-05-10,-0.5671
2022-05-11,-0.8468
2022-05-12,0.7840
2022-05-13,-2.1896
2022-05-16,-0.2613
2022-05-17,-1.5425
2022-05-18,1.9740
2022-05-19,0.7008
2022-05-20,-0.4065
2022-05-23,-1.3540
2022-05-24,0.7724
2022-05-25,-0.6019
2022-05-26,-1.0823
2022-05-27,-1.4830
2022-05-30,-0.4427
2022-05-31,0.7674
2022-06-01,0.4648
2022-06-02,-0.9940
2022-06-03,0.3722
2022-06-06,-0.4218
2022-06-07,-0.0756
2022-06-08,0.2027
2022-06-09,1.5781
2022-06-10,2.5970
2022-06-13,3.3377
2022-06-14,0.4852
2022-06-15,-1.2597
2022-06-16,2.2285
2022-06-17,-0.2984
2022-06-20,-0.7826
2022-06-21,-0.9761
2022-06-22,0.1973
2022-06-23,0.3723
2022-06-24,-2.0722
2022-06-27,-0.5303
2022-06-28,0.5126
2022-06-29,0.5782
2022-06-30,1.2258
2022-07-01,-0.3866
2022-07-04,-0.3001
2022-07-05,1.5361
2022-07-06,-0.7344
2022-07-07,-1.3303
2022-07-08,-0.4813
2022-07-11,0.9266
2022-07-12,0.3952
2022-07-13,0.3538
2022-07-14,1.0647
2022-07-15,-1.8524
2022-07-18,-0.2770
2022-07-19,-1.5842
2022-07-20,-0.1090
2022-07-21,-0.6423
2022-07-22,-0.1909
2022-07-25,0.1110
2022-07-26,0.7649
2022-07-27,-1.0465
2022-07-28,-0.9923
2022-07-29,-0.9439
2022-08-01,0.1897
2022-08-02,0.7716
2022-08-03,-0.8087
2022-08-04,-0.2931
2022-08-05,0.3536
2022-08-08,-0.4178
2022-08-09,0.5884
2022-08-10,-1.3898
2022-08-11,0.0053
2022-08-12,-0.4348
2022-08-15,-0.0231
2022-08-16,-0.1199
2022-08-17,0.6341
2022-08-18,-0.1051
2022-08-19,1.0652
2022-08-22,1.7656
2022-08-23,0.2864
2022-08-24,-0.4759
2022-08-25,-0.6337
2022-08-26,1.8743
2022-08-29,0.9818
2022-08-30,0.3130
2022-08-31,0.3380
2022-09-01,1.1320
2022-09-02,-1.2306
2022-09-05,0.8643
2022-09-06,0.1373
2022-09-07,-0.4920
2022-09-08,-0.7511
2022-09-09,-1.3027
2022-09-12,-0.9740
2022-09-13,2.2133
2022-09-14,0.4229
2022-09-15,0.3214
2022-09-16,0.8317
2022-09-19,-0.1499
2022-09-20,0.9241
2022-09-21,0.5512
2022-09-22,0.9804
2022-09-23,2.0063
2022-09-26,1.0716
2022-09-27,0.2579
2022-09-28,-0.6741
2022-09-29,1.1400
2022-09-30,-0.4177
2022-10-03,-1.0152
2022-10-04,-2.6598
2022-10-05,0.5412
2022-10-06,0.5742
2022-10-07,1.3860
2022-10-10,0.9373
2022-10-11,0.6600
2022-10-12,0.2614
2022-10-13,-1.1529
2022-10-14,-0.0560
2022-10-17,-1.3050
2022-10-18,-0.7334
2022-10-19,0.3962
2022-10-20,-0.1638
2022-10-21,-0.1064
2022-10-24,-0.7863
2022-10-25,-1.3490
2022-10-26,-0.5424
2022-10-27,0.1581
2022-10-28,-0.6860
2022-10-31,0.0490
2022-11-01,-0.2632
2022-11-02,0.6280
2022-11-03,0.5830
2022-11-04,-1.3871
2022-11-07,-0.6307
2022-11-08,-0.4554
2022-11-09,0.7319
2022-11-10,-2.8519
2022-11-11,-0.9261
2022-11-14,0.3164
2022-11-15,-0.2851
2022-11-16,0.4382
2022-11-17,0.3987
2022-11-18,-0.7469
2022-11-21,0.3103
2022-11-22,-0.9187
2022-11-23,-0.6773
2022-11-24,-0.2829
2022-11-25,0.0740
2022-11-28,1.0522
2022-11-29,0.1305
2022-11-30,-0.9466
2022-12-01,-0.8775
2022-12-02,-0.0037
2022-12-05,0.6394
2022-12-06,0.8761
2022-12-07,0.5720
2022-12-08,-0.2304
2022-12-09,-0.1863
2022-12-12,0.4070
2022-12-13,-1.4704
2022-12-14,-0.0946
2022-12-15,1.7776
2022-12-16,0.8625
2022-12-19,0.1146
2022-12-20,0.0323
2022-12-21,-1.2440
2022-12-22,0.9389
2022-12-23,-0.2284
2022-12-27,0.1131
2022-12-28,0.4154
2022-12-29,-0.7667
2022-12-30,0.6818
2023-01-02,-0.3584
2023-01-03,-0.0304
2023-01-04,-0.9498
2023-01-05,0.4835
2023-01-06,-1.3262
2023-01-09,-0.3998
2023-01-10,-0.0427
2023-01-11,-0.4759
2023-01-12,-0.9483
2023-01-13,-0.4187
2023-01-16,0.1553
2023-01-17,-0.0153
2023-01-18,0.1592
2023-01-19,1.1896
2023-01-20,-0.9487
2023-01-23,-0.6232
2023-01-24,-0.1079
2023-01-25,0.0821
2023-01-26,-0.3196
2023-01-27,-0.2692
2023-01-30,0.6440
2023-01-31,-0.2133
2023-02-01,-0.4867
2023-02-02,-0.9424
2023-02-03,0.0939
2023-02-06,1.0639
2023-02-07,-0.2821
2023-02-08,0.1894
2023-02-09,-0.0235
2023-02-10,0.7898
2023-02-13,-0.6948
2023-02-14,-0.3532
2023-02-15,-0.3569
2023-02-16,0.4521
2023-02-17,0.3513
2023-02-20,0.1347
2023-02-21,0.9270
2023-02-22,0.3033
2023-02-23,-0.2960
2023-02-24,0.9324
2023-02-27,-0.8633
2023-02-28,0.1060
2023-03-01,0.2094
2023-03-02,-0.3896
2023-03-03,-1.0318
2023-03-06,-0.2505
2023-03-07,0.8959
2023-03-08,-0.0590
2023-03-09,0.7991
2023-03-10,1.5119
2023-03-13,1.8212
2023-03-14,-1.4279
2023-03-15,3.1596
2023-03-16,-2.0059
2023-03-17,1.3112
2023-03-20,-0.9176
2023-03-21,-1.8329
2023-03-22,-0.0733
2023-03-23,-0.1737
2023-03-24,1.0272
2023-03-27,-0.8471
2023-03-28,-0.3136
2023-03-29,-1.1744
2023-03-30,-0.7324
2023-03-31,-0.5705
2023-04-03,-0.2230
2023-04-04,0.0416
2023-04-05,0.4756
2023-04-06,-0.4178
2023-04-07,0.0062
2023-04-10,0.0387
2023-04-11,-0.2883
2023-04-12,-0.1656
2023-04-13,-0.8133
2023-04-14,-0.4014
2023-04-17,0.2230
2023-04-18,-0.3581
2023-04-19,0.0288
2023-04-20,0.3556
2023-04-21,-0.2465
2023-04-24,-0.0921
2023-04-25,0.8857
2023-04-26,0.4367
2023-04-27,-0.7013
2023-04-28,-0.7145
2023-05-01,0.0866
2023-05-02,1.3487
2023-05-03,-0.0950
2023-05-04,0.8021
2023-05-05,-1.4737
2023-05-08,-0.1962
2023-05-09,0.4963
2023-05-10,-0.0548
2023-05-11,0.1065
2023-05-12,-0.2312
2023-05-15,-0.1630
2023-05-16,0.3373
2023-05-17,-0.1945
2023-05-18,-0.6160
2023-05-19,-0.1544
2023-05-22,0.0574
2023-05-23,0.9067
2023-05-24,1.5110
2023-05-25,-0.1722
2023-05-26,-1.0888
2023-05-29,-0.0235
2023-05-30,0.3417
2023-05-31,1.1390
2023-06-01,-1.2723
2023-06-02,-1.2712
2023-06-05,0.1243
2023-06-06,-0.3517
2023-06-07,0.2249
2023-06-08,-0.2468
2023-06-09,0.0057
2023-06-12,-0.1114
2023-06-13,-0.6135
2023-06-14,-0.4706
2023-06-15,-0.2918
2023-06-16,-0.3792
2023-06-19,0.6369
2023-06-20,0.3716
2023-06-21,0.0648
2023-06-22,0.1717
2023-06-23,0.7215
2023-06-26,0.2877
2023-06-27,-0.4895
2023-06-28,-0.4793
2023-06-29,-0.0605
2023-06-30,-0.7278
2023-07-03,-0.0459
2023-07-04,0.1298
2023-07-05,0.6126
2023-07-06,1.8746
2023-07-07,-0.2928
2023-07-10,-0.0842
2023-07-11,-0.5419
2023-07-12,-1.2370
2023-07-13,-0.6223
2023-07-14,-0.1234
2023-07-17,0.3486
2023-07-18,-0.4378
2023-07-19,-0.0434
2023-07-20,0.1010
2023-07-21,-0.2018
2023-07-24,0.0799
2023-07-25,-0.1580
2023-07-26,0.1731
2023-07-27,-0.2965
2023-07-28,-0.2848
2023-07-31,0.0620
2023-08-01,0.5705
2023-08-02,1.6312
2023-08-03,0.3641
2023-08-04,-0.2118
2023-08-07,-0.2985
2023-08-08,0.4290
2023-08-09,-0.1520
2023-08-10,-0.5804
2023-08-11,0.4584
2023-08-14,0.0421
2023-08-15,0.8410
2023-08-16,0.3717
2023-08-17,0.9577
2023-08-18,0.2144
2023-08-21,-0.2322
2023-08-22,-0.2766
2023-08-23,-0.6009
2023-08-24,0.5811
2023-08-25,-0.1381
2023-08-28,-0.7848
2023-08-29,-0.9280
2023-08-30,-0.3351
2023-08-31,0.1028
2023-09-01,-0.0348
2023-09-04,0.1855
2023-09-05,0.3181
2023-09-06,0.4147
2023-09-07,0.2026
2023-09-08,-0.2125
2023-09-11,-0.3073
2023-09-12,0.2781
2023-09-13,-0.0221
2023-09-14,-0.9686
2023-09-15,0.1585
2023-09-18,0.6216
2023-09-19,0.1032
2023-09-20,-0.1378
2023-09-21,1.5361
2023-09-22,0.1170
2023-09-25,0.5782
2023-09-26,0.9136
2023-09-27,0.0855
2023-09-28,-0.4448
2023-09-29,-0.2512
2023-10-02,0.8060
2023-10-03,1.2951
2023-10-04,-0.0871
2023-10-05,-0.3529
2023-10-06,-0.8124
2023-10-09,0.2606
2023-10-10,-1.3964
2023-10-11,-0.4116
2023-10-12,0.0962
2023-10-13,1.4326
2023-10-16,-0.5413
2023-10-17,-0.0088
2023-10-18,1.1549
2023-10-19,1.0541
2023-10-20,0.9622
2023-10-23,-0.2920
2023-10-24,-0.5412
2023-10-25,0.3362
2023-10-26,0.8140
2023-10-27,0.2177
2023-10-30,-0.5442
2023-10-31,-0.6456
2023-11-01,-0.8574
2023-11-02,-1.4501
2023-11-03,-0.6741
2023-11-06,-0.1150
2023-11-07,0.1912
2023-11-08,-0.2167
2023-11-09,-0.1838
2023-11-10,0.0818
2023-11-13,-0.2256
2023-11-14,-1.3300
2023-11-15,-0.3829
2023-11-16,0.2242
2023-11-17,-0.6302
2023-11-20,-0.2473
2023-11-21,0.1334
2023-11-22,-0.2257
2023-11-23,-0.1411
2023-11-24,-0.2625
2023-11-27,0.3651
2023-11-28,0.0682
2023-11-29,-0.0266
2023-11-30,-0.2166
2023-12-01,-0.3796
2023-12-04,0.3687
2023-12-05,-0.0578
2023-12-06,-0.1965
2023-12-07,0.0772
2023-12-08,-0.4017
2023-12-11,-0.1637
2023-12-12,-0.2182
2023-12-13,-0.2304
2023-12-14,-0.7896
2023-12-15,0.0455
2023-12-18,0.2060
2023-12-19,-0.4274
2023-12-20,0.3029
2023-12-21,0.0513
2023-12-22,-0.2001
2023-12-25,
2023-12-26,
2023-12-27,-0.5295
2023-12-28,0.0669
2023-12-29,0.1015
2024-01-01,0.0133
2024-01-02,0.5645
2024-01-03,0.8401
2024-01-04,-0.4301
2024-01-05,-0.1182
2024-01-08,-0.4067
2024-01-09,0.0626
2024-01-10,-0.2544
2024-01-11,0.2533
2024-01-12,-0.4018
2024-01-15,0.3108
2024-01-16,0.4691
2024-01-17,0.8734
2024-01-18,-0.5144
2024-01-19,-0.4307
2024-01-22,-0.4592
2024-01-23,0.0340
2024-01-24,-0.4787
2024-01-25,-0.0137
2024-01-26,-0.3795
2024-01-29,-0.0549
2024-01-30,-0.1451
2024-01-31,0.4598
2024-02-01,-0.0305
2024-02-02,-0.3069
2024-02-05,0.1798
2024-02-06,-0.3922
2024-02-07,-0.1347
2024-02-08,-0.0317
2024-02-09,-0.0592
2024-02-12,0.0676
2024-02-13,0.8916
2024-02-14,-0.5552
2024-02-15,-0.5365
2024-02-16,-0.3034
2024-02-19,0.0335
2024-02-20,0.1804
2024-02-21,0.1417
2024-02-22,-1.0081
2024-02-23,-0.2811
2024-02-26,0.0841
2024-02-27,-0.1396
2024-02-28,0.3367
2024-02-29,-0.1377
2024-03-01,-0.5383
2024-03-04,0.0261
2024-03-05,0.5291
2024-03-06,-0.3962
2024-03-07,-0.6205
2024-03-08,0.0709
2024-03-11,0.5911
2024-03-12,-0.8547
2024-03-13,-0.1457
2024-03-14,0.3189
2024-03-15,0.2540
2024-03-18,-0.1697
2024-03-19,-0.3085
2024-03-20,-0.2751
2024-03-21,-0.7099
2024-03-22,0.1504
2024-03-25,0.1179
2024-03-26,-0.0152
2024-03-27,-0.2391
2024-03-28,0.1780
2024-03-29,-0.0139
2024-04-01,0.2427
2024-04-02,0.8635
2024-04-03,-0.3325
2024-04-04,0.2103
2024-04-05,0.6087
2024-04-08,-0.4818
2024-04-09,0.2168
2024-04-10,0.4043
2024-04-11,0.1172
2024-04-12,0.9696
2024-04-15,0.4426
2024-04-16,0.8266
2024-04-17,-0.0056
2024-04-18,-0.2722
2024-04-19,0.5044
2024-04-22,-0.8659
2024-04-23,-1.0992
2024-04-24,0.0494
2024-04-25,0.4280
2024-04-26,-0.7649
2024-04-29,-0.2018
2024-04-30,0.6183
2024-05-01,0.1607
2024-05-02,-0.2033
2024-05-03,-0.8567
2024-05-06,-0.4436
2024-05-07,-0.5864
2024-05-08,-0.0401
2024-05-09,-0.2928
2024-05-10,-0.3381
2024-05-13,0.1070
2024-05-14,-0.2106
2024-05-15,-0.7369
2024-05-16,-0.0188
2024-05-17,-0.1309
2024-05-20,-0.0629
2024-05-21,0.0556
2024-05-22,0.3741
2024-05-23,0.1400
2024-05-24,-0.1124
2024-05-27,-0.0974
2024-05-28,0.3362
2024-05-29,1.0391
2024-05-30,-0.0482
2024-05-31,-0.5840
2024-06-03,-0.1967
2024-06-04,0.2996
2024-06-05,-0.6047
2024-06-06,-0.3942
2024-06-07,0.1896
2024-06-10,0.4317
2024-06-11,0.5635
2024-06-12,-0.9518
2024-06-13,0.8911
2024-06-14,1.0810
2024-06-17,-0.0967
2024-06-18,-0.6111
2024-06-19,0.0415
2024-06-20,-0.2455
2024-06-21,0.3570
2024-06-24,-0.3285
2024-06-25,-0.0287
2024-06-26,0.2790
2024-06-27,0.1036
2024-06-28,0.0348
2024-07-01,-0.5905
2024-07-02,-0.0734
2024-07-03,-0.6552
2024-07-04,-0.3099
2024-07-05,-0.0005
2024-07-08,-0.1136
2024-07-09,0.4782
2024-07-10,-0.6361
2024-07-11,-0.2484
2024-07-12,-0.5256
2024-07-15,0.4650
2024-07-16,0.1105
2024-07-17,0.6102
2024-07-18,0.7375
2024-07-19,0.6818
2024-07-22,-0.7716
2024-07-23,-0.0848
2024-07-24,1.3803
2024-07-25,0.7839
2024-07-26,-0.8798
2024-07-29,0.1270
2024-07-30,0.0934
2024-07-31,-1.0026
2024-08-01,1.6151
2024-08-02,3.0497
2024-08-05,4.9316
2024-08-06,-2.9490
2024-08-07,-1.1776
2024-08-08,-0.7305
2024-08-09,-0.9768
2024-08-12,-0.1132
2024-08-13,-1.1956
2024-08-14,-0.9554
2024-08-15,-1.0192
2024-08-16,-0.5232
2024-08-19,-0.4096
2024-08-20,0.3095
2024-08-21,-0.1379
2024-08-22,0.3008
2024-08-23,-0.8284
2024-08-26,0.2238
2024-08-27,-0.1938
2024-08-28,0.2868
2024-08-29,-0.4072
2024-08-30,-0.3483
2024-09-02,0.0930
2024-09-03,1.7131
2024-09-04,1.0437
2024-09-05,0.1783
2024-09-06,1.3893
2024-09-09,-1.0199
2024-09-10,0.0658
2024-09-11,-0.2524
2024-09-12,-1.0461
2024-09-13,-0.6622
2024-09-16,0.1997
2024-09-17,-0.1167
2024-09-18,0.4084
2024-09-19,-1.4752
2024-09-20,0.5560
2024-09-23,-0.1300
2024-09-24,-0.4576
2024-09-25,0.0693
2024-09-26,-0.6803
2024-09-27,-0.0921
2024-09-30,0.8032
2024-10-01,1.1321
2024-10-02,-0.0806
2024-10-03,0.6851
2024-10-04,-0.5188
2024-10-07,0.4034
2024-10-08,0.0449
2024-10-09,-0.5442
2024-10-10,0.1249
2024-10-11,-0.4928
2024-10-14,-0.5037
2024-10-15,0.7328
2024-10-16,0.0552
2024-10-17,-0.3741
2024-10-18,-0.4813
2024-10-21,0.6123
2024-10-22,0.2141
2024-10-23,0.5801
2024-10-24,-0.0849
2024-10-25,0.1108
2024-10-28,-0.3636
2024-10-29,0.1784
2024-10-30,0.6254
2024-10-31,1.4278
2024-11-01,-0.5602
2024-11-04,0.0815
2024-11-05,-0.6456
2024-11-06,-0.7768
2024-11-07,-0.9351
2024-11-08,0.2563
2024-11-11,-0.1868
2024-11-12,0.9936
2024-11-13,0.0711
2024-11-14,-0.2904
2024-11-15,0.8333
2024-11-18,-0.0812
2024-11-19,0.3107
2024-11-20,0.4207
2024-11-21,-0.3756
2024-11-22,-0.6560
2024-11-25,-0.4871
2024-11-26,0.2315
2024-11-27,0.1059
2024-11-28,-0.2965
2024-11-29,-0.4343
2024-12-02,-0.1810
2024-12-03,-0.4688
2024-12-04,-0.2783
2024-12-05,-0.2824
2024-12-06,-0.1920
2024-12-09,0.2072
2024-12-10,0.5099
2024-12-11,-0.4437
2024-12-12,0.1309
2024-12-13,0.1985
2024-12-16,0.2040
2024-12-17,0.4300
2024-12-18,2.0877
2024-12-19,0.9545
2024-12-20,-0.8025
2024-12-23,-0.4370
2024-12-24,-0.5964
2024-12-25,
2024-12-26,
2024-12-27,-0.1811
2024-12-30,0.7949
2024-12-31,-0.0215
2025-01-01,0.0144
2025-01-02,0.0759
2025-01-03,-0.3473
2025-01-06,-0.6923
2025-01-07,0.2651
2025-01-08,0.2798
2025-01-09,-0.0422
2025-01-10,1.1489
2025-01-13,0.3688
2025-01-14,-0.3665
2025-01-15,-1.3838
2025-01-16,-0.3586
2025-01-17,-0.4782
2025-01-20,-0.1992
2025-01-21,-0.5709
2025-01-22,-0.4028
2025-01-23,-0.2341
2025-01-24,-0.2048
2025-01-27,1.0100
2025-01-28,-0.3960
2025-01-29,-0.1692
2025-01-30,-0.6488
2025-01-31,0.2434
2025-02-03,1.4589
2025-02-04,-0.6880
2025-02-05,-0.5500
2025-02-06,-0.5450
2025-02-07,0.6504
2025-02-10,-0.3480
2025-02-11,-0.1620
2025-02-12,-0.1215
2025-02-13,-0.8345
2025-02-14,-0.1591
2025-02-17,-0.0271
2025-02-18,-0.1344
2025-02-19,0.5978
2025-02-20,0.2393
2025-02-21,0.3756
2025-02-24,0.2555
2025-02-25,0.2166
2025-02-26,-0.5168
2025-02-27,1.0306
2025-02-28,-0.2298
2025-03-03,0.0516
2025-03-04,1.6644
2025-03-05,-1.4462
2025-03-06,0.5589
2025-03-07,0.1275
2025-03-10,1.8493
2025-03-11,0.6204
2025-03-12,-1.0812
2025-03-13,0.5346
2025-03-14,-1.4906
2025-03-17,-0.9064
2025-03-18,0.0449
2025-03-19,-0.4597
2025-03-20,0.3134
2025-03-21,0.3031
2025-03-24,-0.5775
2025-03-25,-0.4522
2025-03-26,0.8136
2025-03-27,0.3366
2025-03-28,1.2487
2025-03-31,1.0528
2025-04-01,-0.7153
2025-04-02,-0.0106
2025-04-03,3.3420
2025-04-04,6.6195
2025-04-07,4.4137
2025-04-08,-1.8231
2025-04-09,-1.5315
2025-04-10,-1.9210
2025-04-11,-0.4253
2025-04-14,-3.5453
2025-04-15,-1.0816
2025-04-16,0.7945
2025-04-17,-0.3885
2025-04-18,-0.0442
2025-04-21,1.0769
2025-04-22,-1.3076
2025-04-23,-1.3661
2025-04-24,-1.0132
2025-04-25,-0.7688
2025-04-28,-0.1343
2025-04-29,-0.4867
2025-04-30,-0.0478
2025-05-01,-0.0185
2025-05-02,-1.6435
2025-05-05,0.2228
2025-05-06,0.4502
2025-05-07,0.0158
2025-05-08,-0.3864
2025-05-09,-0.2729
2025-05-12,-1.5595
2025-05-13,-0.5970
2025-05-14,0.1229
2025-05-15,-0.3655
2025-05-16,-0.3397
2025-05-19,-0.0688
2025-05-20,-0.2846
2025-05-21,0.5862
2025-05-22,0.5998
2025-05-23,1.1631
2025-05-26,-1.0786
2025-05-27,-0.8468
2025-05-28,0.5944
2025-05-29,-0.2643
2025-05-30,-0.0741
2025-06-02,-0.0219
2025-06-03,-0.3406
2025-06-04,-0.3160
2025-06-05,0.0619
2025-06-06,-0.4677
2025-06-09,0.0338
2025-06-10,-0.1531
2025-06-11,0.0179
2025-06-12,0.2901
2025-06-13,1.3887
2025-06-16,-0.9101
2025-06-17,1.1915
2025-06-18,-0.0135
2025-06-19,1.0559
2025-06-20,-0.5672
2025-06-23,-0.1692
2025-06-24,-1.6232
2025-06-25,0.2116
2025-06-26,-0.4593
2025-06-27,-0.8069
2025-06-30,0.0893
2025-07-01,0.1156
2025-07-02,-0.1896
2025-07-03,-0.3917
2025-07-04,0.5368
2025-07-07,0.0845
2025-07-08,-0.3279
2025-07-09,-0.6472
2025-07-10,-0.2605
2025-07-11,0.6341
2025-07-14,0.2089
2025-07-15,0.3440
2025-07-16,0.3834
2025-07-17,-0.7978
2025-07-18,-0.0691
2025-07-21,-0.0330
2025-07-22,0.2621
2025-07-23,-0.9785
2025-07-24,-0.3779
2025-07-25,0.1215
2025-07-28,0.2387
2025-07-29,0.2861
2025-07-30,0.0101
2025-07-31,0.7110
2025-08-01,1.8844
2025-08-04,-1.2152
2025-08-05,-0.0862
2025-08-06,-0.4962
2025-08-07,-0.4129
2025-08-08,-0.6090
2025-08-11,0.3726
2025-08-12,-0.8445
2025-08-13,-0.5234
2025-08-14,-0.0142
2025-08-15,-0.1387
2025-08-18,0.1237
2025-08-19,-0.1350
2025-08-20,0.1534
2025-08-21,0.3274
2025-08-22,-1.1620
2025-08-25,0.6235
2025-08-26,0.5234
2025-08-27,0.0828
2025-08-28,-0.3389
2025-08-29,0.5189
2025-09-01,0.0784
2025-09-02,1.1466
2025-09-03,-0.4946
2025-09-04,-0.6872
2025-09-05,-0.0818
2025-09-08,-0.4042
2025-09-09,-0.0249
2025-09-10,-0.0290
2025-09-11,-0.5744
2025-09-12,-0.0407
2025-09-15,-0.1399
2025-09-16,0.5434
2025-09-17,0.0272
2025-09-18,-0.4647
2025-09-19,0.0029
2025-09-22,0.1628
2025-09-23,0.0231
2025-09-24,0.1983
2025-09-25,0.5649
2025-09-26,-0.6637
2025-09-29,-0.0399
2025-09-30,-0.2348
2025-10-01,-0.4171
2025-10-02,-0.0984
2025-10-03,-0.3923
2025-10-06,-0.0004
2025-10-07,0.4184
2025-10-08,-0.5263
2025-10-09,0.2001
2025-10-10,2.0949
2025-10-13,-0.6842
2025-10-14,0.5626
2025-10-15,-0.6155
2025-10-16,0.3453
2025-10-17,-0.0779
2025-10-20,-1.4584
2025-10-21,-0.0907
2025-10-22,0.3867
2025-10-23,-0.4580
2025-10-24,-0.4890
2025-10-27,-0.5444
2025-10-28,0.1436
2025-10-29,0.1640
2025-10-30,0.3730
2025-10-31,0.3267
2025-11-03,-0.0214
2025-11-04,0.7553
2025-11-05,-0.2748
2025-11-06,0.6484
2025-11-07,0.4165
2025-11-10,-1.3855
2025-11-11,-0.7106
2025-11-12,-0.3402
2025-11-13,0.9176
2025-11-14,0.5538
2025-11-17,0.9222
2025-11-18,1.7250
2025-11-19,-0.0854
2025-11-20,0.2840
2025-11-21,0.0495
2025-11-24,-1.2660
2025-11-25,-0.9512
2025-11-26,-1.0676
2025-11-27,-0.1338
2025-11-28,-0.4274
2025-12-01,0.3579
2025-12-02,-0.1711
2025-12-03,-0.2732
2025-12-04,-0.4648
2025-12-05,0.0244
2025-12-08,0.3133
2025-12-09,0.1025
2025-12-10,-0.2843
2025-12-11,-0.6534
2025-12-12,0.4731
2025-12-15,-0.2364
2025-12-16,0.3879
2025-12-17,0.4915
2025-12-18,-0.5453
2025-12-19,-0.7136
2025-12-22,-0.3281
2025-12-23,-0.3222
2025-12-24,-0.0700
2025-12-25,
2025-12-26,
2025-12-29,0.3414
2025-12-30,-0.2259
2025-12-31,0.2943
2026-01-01,0.0108
2026-01-02,-0.2627
2026-01-05,-0.4285
2026-01-06,-0.4622
2026-01-07,0.3024
2026-01-08,0.2156
2026-01-09,-0.6616
2026-01-12,0.0036
2026-01-13,0.0846
2026-01-14,0.1868
2026-01-15,-0.5513
2026-01-16,0.1724
2026-01-19,1.2970
2026-01-20,0.7461
2026-01-21,-0.6410
2026-01-22,-0.9422
2026-01-23,0.0782
2026-01-26,-0.2694
2026-01-27,-0.4159
2026-01-28,0.5295
2026-01-29,0.5212
2026-01-30,-0.1475
2026-02-02,-0.6345
2026-02-03,0.1801
2026-02-04,0.2779
2026-02-05,1.3070
2026-02-06,-1.5494
2026-02-09,-0.9138
2026-02-10,0.0409
2026-02-11,0.0025
2026-02-12,1.1247
2026-02-13,0.1383
2026-02-16,0.1536
2026-02-17,-0.3087
2026-02-18,-0.8809
2026-02-19,0.5758
2026-02-20,-0.7119
2026-02-23,0.7370
2026-02-24,-0.4280
2026-02-25,-0.8597
2026-02-26,0.2571
2026-02-27,0.1991
2026-03-02,1.5268
2026-03-03,2.9384
2026-03-04,-1.4809
2026-03-05,1.5203
2026-03-06,1.7514
2026-03-09,-0.1233
2026-03-10,-1.5424
2026-03-11,0.6688
2026-03-12,1.0945
2026-03-13,0.4463
2026-03-16,-1.1795
2026-03-17,-0.7508
2026-03-18,0.8616
2026-03-19,1.4072
2026-03-20,1.5186
2026-03-23,-0.1963
2026-03-24,-0.2302
2026-03-25,-1.1014
2026-03-26,1.3991
2026-03-27,1.3604
2026-03-30,-0.2011
2026-03-31,-1.8365
2026-04-01,-2.1801
2026-04-02,0.4230
2026-04-03,-0.0451
2026-04-06,-0.0353
2026-04-07,0.9053
2026-04-08,-3.9141
2026-04-09,-0.3656
2026-04-10,-0.3910
2026-04-13,0.0174
2026-04-14,-1.2233
2026-04-15,0.0293
2026-04-16,0.0240
2026-04-17,-1.1174
2026-04-20,0.9949
2026-04-21,0.8075
2026-04-22,-0.1166
2026-04-23,0.1833
2026-04-24,0.0397
2026-04-27,-0.0073
2026-04-28,0.2134
2026-04-29,0.3112
2026-04-30,-0.9889
2026-05-01,-0.1206
2026-05-04,1.0304
2026-05-05,-0.7032
2026-05-06,-1.5713
2026-05-07,0.3333
2026-05-08,0.2334
2026-05-11,0.0136
2026-05-12,0.5306
2026-05-13,-0.6199
2026-05-14,-0.4737
2026-05-15,1.2082
2026-05-18,-0.0531
2026-05-19,0.0798
2026-05-20,-0.8083
2026-05-21,-0.3170
2026-05-22,-0.5012
2026-05-25,-0.7330
2026-05-26,0.2242
2026-05-27,-0.1134
2026-05-28,0.0060
2026-05-29,-0.3152
2026-06-01,0.5391
2026-06-02,-0.4593
2026-06-03,0.3536
2026-06-04,-0.3454
2026-06-05,1.5438
2026-06-08,0.0202
2026-06-09,0.4247
2026-06-10,0.8758
2026-06-11,-0.8574
2026-06-12,-1.5911
2026-06-15,-1.1548
2026-06-16,-0.0032
2026-06-17,0.3545
2026-06-18,-0.3158
2026-06-19,0.2126
2026-06-22,-0.0859
2026-06-23,1.4246
2026-06-24,-0.1159
2026-06-25,-0.3879
2026-06-26,0.3502
2026-06-29,-0.5012
2026-06-30,-0.7400
2026-07-01,0.2373
2026-07-02,-0.6275
2026-07-03,-0.4648
2026-07-06,0.0023
2026-07-07,0.5863
2026-07-08,1.3806
2026-07-09,-1.0298
2026-07-10,-0.2972
2026-07-13,0.6277
2026-07-14,-0.3453
2026-07-15,-0.2700
2026-07-16,0.1826
2026-07-17,0.8954
2026-07-20,0.2342
2026-07-21,-0.8929
2026-07-22,-0.2432
2026-07-23,1.4371
2026-07-24,-0.5480
2026-07-27,0.0086
2026-07-28,-0.1791
2026-07-29,0.8638
2026-07-30,-1.3383
2026-07-31,-0.4551
2026-08-03,-0.5755
2026-08-04,-0.6023
2026-08-05,-0.2396
2026-08-06,-0.1083
2026-08-07,-0.3868
2026-08-10,0.1010
2026-08-11,0.0879
2026-08-12,-0.1418
2026-08-13,-0.2195
2026-08-14,-0.0434
2026-08-17,0.3564
2026-08-18,0.7512
2026-08-19,-0.0896
2026-08-20,0.3359
2026-08-21,-0.5208
2026-08-24,0.2385
2026-08-25,-0.3272
2026-08-26,-0.0168
2026-08-27,0.1494
2026-08-28,-0.2881
2026-08-31,0.5524
2026-09-01,0.6363
2026-09-02,0.0111
2026-09-03,-0.4368
